timestamp,open,high,low,close,volume
2019-01-08 00:01:00+01:00,1721.5,1722.0,1721.3,1722.0,191
2019-01-08 00:02:00+01:00,1722.0,1722.3,1722.0,1722.3,77
2019-01-08 00:03:00+01:00,1722.2,1722.2,1721.9,1722.1,60
2019-01-08 00:04:00+01:00,1722.0,1722.1,1722.0,1722.0,17
2019-01-08 00:05:00+01:00,1722.0,1722.2,1722.0,1722.1,22
2019-01-08 00:06:00+01:00,1722.1,1722.2,1722.1,1722.1,14
2019-01-08 00:07:00+01:00,1722.2,1722.2,1722.2,1722.2,3
2019-01-08 00:08:00+01:00,1722.1,1722.1,1721.9,1721.9,56
2019-01-08 00:09:00+01:00,1721.9,1722.1,1721.9,1722.1,20
2019-01-08 00:10:00+01:00,1722.1,1722.1,1722.1,1722.1,10
2019-01-08 00:11:00+01:00,1722.1,1722.2,1722.1,1722.2,22
2019-01-08 00:12:00+01:00,1722.1,1722.2,1722.1,1722.1,4
2019-01-08 00:13:00+01:00,1722.2,1722.2,1722.1,1722.1,6
2019-01-08 00:14:00+01:00,1722.2,1722.2,1722.1,1722.2,22
2019-01-08 00:15:00+01:00,1722.1,1722.1,1722.1,1722.1,3
2019-01-08 00:16:00+01:00,1722.1,1722.2,1722.1,1722.1,3
2019-01-08 00:17:00+01:00,1722.2,1722.2,1722.1,1722.1,19
2019-01-08 00:18:00+01:00,1722.2,1722.2,1722.1,1722.2,5
2019-01-08 00:19:00+01:00,1722.1,1722.2,1722.1,1722.2,3
2019-01-08 00:20:00+01:00,1722.1,1722.1,1722.1,1722.1,1
2019-01-08 00:21:00+01:00,1722.1,1722.2,1722.1,1722.2,17
2019-01-08 00:22:00+01:00,1722.2,1722.2,1722.1,1722.1,5
2019-01-08 00:23:00+01:00,1722.1,1722.2,1722.1,1722.2,2
2019-01-08 00:24:00+01:00,1722.1,1722.2,1722.1,1722.2,26
2019-01-08 00:25:00+01:00,1722.2,1722.4,1722.2,1722.3,41
2019-01-08 00:26:00+01:00,1722.4,1722.4,1722.3,1722.4,6
2019-01-08 00:27:00+01:00,1722.4,1722.5,1722.3,1722.4,46
2019-01-08 00:28:00+01:00,1722.3,1722.4,1722.3,1722.3,5
2019-01-08 00:29:00+01:00,1722.3,1722.4,1722.2,1722.3,30
2019-01-08 00:30:00+01:00,1722.3,1722.4,1722.3,1722.3,11
2019-01-08 00:31:00+01:00,1722.4,1722.4,1722.3,1722.3,26
2019-01-08 00:32:00+01:00,1722.3,1722.4,1722.3,1722.4,21
2019-01-08 00:33:00+01:00,1722.4,1722.4,1722.4,1722.4,9
2019-01-08 00:34:00+01:00,1722.4,1722.5,1722.4,1722.4,9
2019-01-08 00:35:00+01:00,1722.5,1722.5,1722.4,1722.5,3
2019-01-08 00:36:00+01:00,1722.5,1722.5,1722.3,1722.3,17
2019-01-08 00:37:00+01:00,1722.4,1722.4,1722.3,1722.4,26
2019-01-08 00:38:00+01:00,1722.4,1722.5,1722.4,1722.4,6
2019-01-08 00:39:00+01:00,1722.4,1722.4,1722.2,1722.3,35
2019-01-08 00:40:00+01:00,1722.2,1722.2,1722.2,1722.2,23
2019-01-08 00:41:00+01:00,1722.2,1722.2,1722.0,1722.1,112
2019-01-08 00:42:00+01:00,1722.1,1722.1,1722.0,1722.0,14
2019-01-08 00:43:00+01:00,1722.0,1722.1,1722.0,1722.1,15
2019-01-08 00:44:00+01:00,1722.1,1722.1,1721.9,1722.0,60
2019-01-08 00:45:00+01:00,1722.0,1722.0,1721.8,1721.8,34
2019-01-08 00:46:00+01:00,1721.9,1721.9,1721.7,1721.8,107
2019-01-08 00:47:00+01:00,1721.8,1721.9,1721.7,1721.8,28
2019-01-08 00:48:00+01:00,1721.8,1721.9,1721.8,1721.8,21
2019-01-08 00:49:00+01:00,1721.8,1721.8,1721.7,1721.8,62
2019-01-08 00:50:00+01:00,1721.9,1722.0,1721.9,1721.9,43
2019-01-08 00:51:00+01:00,1721.9,1721.9,1721.9,1721.9,1
2019-01-08 00:52:00+01:00,1721.9,1721.9,1721.8,1721.8,7
2019-01-08 00:53:00+01:00,1721.8,1721.9,1721.8,1721.8,16
2019-01-08 00:54:00+01:00,1721.9,1721.9,1721.9,1721.9,2
2019-01-08 00:55:00+01:00,1721.8,1721.8,1721.8,1721.8,9
2019-01-08 00:56:00+01:00,1721.7,1721.8,1721.7,1721.7,10
2019-01-08 00:57:00+01:00,1721.7,1721.7,1721.6,1721.6,17
2019-01-08 00:58:00+01:00,1721.6,1721.7,1721.6,1721.6,10
2019-01-08 00:59:00+01:00,1721.6,1721.7,1721.6,1721.7,18
2019-01-08 01:00:00+01:00,1721.6,1721.6,1721.5,1721.6,45
2019-01-08 01:01:00+01:00,1721.6,1721.7,1721.6,1721.7,9
2019-01-08 01:02:00+01:00,1721.6,1721.6,1721.6,1721.6,33
2019-01-08 01:03:00+01:00,1721.6,1721.6,1721.5,1721.5,5
2019-01-08 01:04:00+01:00,1721.5,1721.8,1721.5,1721.8,53
2019-01-08 01:05:00+01:00,1721.7,1721.7,1721.4,1721.4,36
2019-01-08 01:06:00+01:00,1721.4,1721.5,1721.3,1721.4,106
2019-01-08 01:07:00+01:00,1721.3,1721.3,1721.0,1721.0,158
2019-01-08 01:08:00+01:00,1720.9,1721.0,1720.7,1720.8,114
2019-01-08 01:09:00+01:00,1720.9,1721.0,1720.8,1721.0,66
2019-01-08 01:10:00+01:00,1721.1,1721.1,1720.9,1720.9,59
2019-01-08 01:11:00+01:00,1720.9,1721.1,1720.7,1721.1,128
2019-01-08 01:12:00+01:00,1721.1,1721.2,1721.0,1721.1,84
2019-01-08 01:13:00+01:00,1721.1,1721.2,1720.7,1720.8,102
2019-01-08 01:14:00+01:00,1720.7,1720.8,1720.6,1720.6,73
2019-01-08 01:15:00+01:00,1720.6,1720.8,1720.6,1720.8,39
2019-01-08 01:16:00+01:00,1720.8,1720.9,1720.8,1720.8,16
2019-01-08 01:17:00+01:00,1720.8,1720.8,1720.7,1720.7,10
2019-01-08 01:18:00+01:00,1720.7,1720.8,1720.7,1720.7,6
2019-01-08 01:19:00+01:00,1720.7,1720.8,1720.7,1720.7,38
2019-01-08 01:20:00+01:00,1720.7,1720.8,1720.7,1720.8,9
2019-01-08 01:21:00+01:00,1720.8,1720.9,1720.8,1720.9,27
2019-01-08 01:22:00+01:00,1720.9,1720.9,1720.8,1720.9,15
2019-01-08 01:23:00+01:00,1720.9,1720.9,1720.8,1720.8,8
2019-01-08 01:24:00+01:00,1720.8,1720.8,1720.7,1720.8,16
2019-01-08 01:25:00+01:00,1720.8,1721.2,1720.8,1721.2,98
2019-01-08 01:26:00+01:00,1721.1,1721.2,1721.1,1721.1,13
2019-01-08 01:27:00+01:00,1721.1,1721.1,1720.8,1720.8,37
2019-01-08 01:28:00+01:00,1720.9,1720.9,1720.9,1720.9,12
2019-01-08 01:29:00+01:00,1720.8,1720.9,1720.6,1720.6,62
2019-01-08 01:30:00+01:00,1720.6,1720.7,1720.6,1720.6,32
2019-01-08 01:31:00+01:00,1720.7,1720.7,1720.6,1720.6,7
2019-01-08 01:32:00+01:00,1720.6,1720.7,1720.6,1720.6,10
2019-01-08 01:33:00+01:00,1720.7,1720.7,1720.5,1720.5,30
2019-01-08 01:34:00+01:00,1720.5,1720.6,1720.5,1720.6,21
2019-01-08 01:35:00+01:00,1720.7,1720.7,1720.7,1720.7,20
2019-01-08 01:36:00+01:00,1720.7,1720.8,1720.6,1720.7,29
2019-01-08 01:37:00+01:00,1720.6,1720.7,1720.6,1720.6,13
2019-01-08 01:38:00+01:00,1720.6,1720.8,1720.6,1720.8,25
2019-01-08 01:39:00+01:00,1720.7,1720.8,1720.6,1720.7,20
2019-01-08 01:40:00+01:00,1720.7,1720.7,1720.6,1720.7,7
2019-01-08 01:41:00+01:00,1720.7,1720.8,1720.7,1720.8,16
2019-01-08 01:42:00+01:00,1720.8,1721.0,1720.8,1720.9,64
2019-01-08 01:43:00+01:00,1721.0,1721.0,1720.8,1720.8,79
2019-01-08 01:44:00+01:00,1720.8,1720.8,1720.7,1720.7,24
2019-01-08 01:45:00+01:00,1720.8,1720.8,1720.7,1720.8,44
2019-01-08 01:46:00+01:00,1720.8,1721.0,1720.7,1721.0,63
2019-01-08 01:47:00+01:00,1721.0,1721.2,1721.0,1721.1,53
2019-01-08 01:48:00+01:00,1721.1,1721.3,1721.1,1721.2,62
2019-01-08 01:49:00+01:00,1721.3,1721.3,1721.2,1721.3,21
2019-01-08 01:50:00+01:00,1721.3,1721.3,1721.0,1721.0,57
2019-01-08 01:51:00+01:00,1721.1,1721.2,1721.0,1721.1,115
2019-01-08 01:52:00+01:00,1721.2,1721.3,1721.1,1721.3,69
2019-01-08 01:53:00+01:00,1721.3,1721.3,1721.2,1721.3,20
2019-01-08 01:54:00+01:00,1721.3,1721.5,1721.3,1721.5,89
2019-01-08 01:55:00+01:00,1721.5,1721.5,1721.2,1721.3,51
2019-01-08 01:56:00+01:00,1721.3,1721.4,1721.3,1721.4,16
2019-01-08 01:57:00+01:00,1721.4,1721.6,1721.4,1721.5,56
2019-01-08 01:58:00+01:00,1721.4,1721.7,1721.4,1721.6,61
2019-01-08 01:59:00+01:00,1721.6,1721.8,1721.6,1721.7,76
2019-01-08 02:00:00+01:00,1721.7,1721.8,1721.6,1721.7,83
2019-01-08 02:01:00+01:00,1721.7,1721.9,1721.5,1721.8,224
2019-01-08 02:02:00+01:00,1721.9,1722.0,1721.8,1721.9,126
2019-01-08 02:03:00+01:00,1721.9,1722.1,1721.8,1721.9,84
2019-01-08 02:04:00+01:00,1721.9,1721.9,1721.7,1721.7,65
2019-01-08 02:05:00+01:00,1721.8,1721.8,1721.7,1721.8,44
2019-01-08 02:06:00+01:00,1721.7,1721.9,1721.7,1721.9,45
2019-01-08 02:07:00+01:00,1721.9,1722.1,1721.9,1722.1,73
2019-01-08 02:08:00+01:00,1722.1,1722.5,1722.1,1722.4,309
2019-01-08 02:09:00+01:00,1722.4,1722.4,1722.1,1722.1,212
2019-01-08 02:10:00+01:00,1722.1,1722.1,1721.8,1721.8,165
2019-01-08 02:11:00+01:00,1721.8,1721.9,1721.5,1721.6,192
2019-01-08 02:12:00+01:00,1721.6,1721.7,1721.4,1721.5,113
2019-01-08 02:13:00+01:00,1721.4,1721.8,1721.4,1721.7,144
2019-01-08 02:14:00+01:00,1721.8,1722.0,1721.8,1722.0,67
2019-01-08 02:15:00+01:00,1722.0,1722.4,1722.0,1722.1,175
2019-01-08 02:16:00+01:00,1722.1,1722.1,1722.0,1722.0,84
2019-01-08 02:17:00+01:00,1722.0,1722.1,1721.9,1722.1,102
2019-01-08 02:18:00+01:00,1722.1,1723.0,1722.1,1722.6,433
2019-01-08 02:19:00+01:00,1722.5,1723.0,1722.5,1722.8,169
2019-01-08 02:20:00+01:00,1722.8,1722.8,1722.2,1722.4,138
2019-01-08 02:21:00+01:00,1722.3,1722.5,1722.3,1722.5,47
2019-01-08 02:22:00+01:00,1722.5,1722.7,1722.5,1722.6,71
2019-01-08 02:23:00+01:00,1722.6,1722.6,1722.4,1722.4,64
2019-01-08 02:24:00+01:00,1722.3,1722.4,1722.3,1722.4,71
2019-01-08 02:25:00+01:00,1722.4,1722.4,1722.2,1722.2,79
2019-01-08 02:26:00+01:00,1722.2,1722.3,1722.1,1722.3,100
2019-01-08 02:27:00+01:00,1722.3,1722.4,1722.3,1722.3,7
2019-01-08 02:28:00+01:00,1722.2,1722.4,1722.2,1722.3,102
2019-01-08 02:29:00+01:00,1722.2,1722.2,1721.8,1721.8,205
2019-01-08 02:30:00+01:00,1721.8,1721.9,1721.5,1721.7,264
2019-01-08 02:31:00+01:00,1721.6,1721.7,1721.4,1721.4,259
2019-01-08 02:32:00+01:00,1721.4,1721.5,1721.1,1721.3,242
2019-01-08 02:33:00+01:00,1721.2,1721.4,1720.6,1721.3,795
2019-01-08 02:34:00+01:00,1721.2,1721.2,1720.9,1720.9,242
2019-01-08 02:35:00+01:00,1721.0,1721.2,1720.1,1720.3,629
2019-01-08 02:36:00+01:00,1720.4,1720.4,1719.5,1719.6,388
2019-01-08 02:37:00+01:00,1719.6,1720.3,1719.5,1720.2,331
2019-01-08 02:38:00+01:00,1720.1,1720.2,1719.8,1719.9,156
2019-01-08 02:39:00+01:00,1719.9,1719.9,1719.6,1719.8,154
2019-01-08 02:40:00+01:00,1719.8,1719.8,1719.5,1719.6,218
2019-01-08 02:41:00+01:00,1719.6,1719.8,1719.6,1719.6,65
2019-01-08 02:42:00+01:00,1719.7,1719.7,1719.4,1719.6,145
2019-01-08 02:43:00+01:00,1719.6,1719.7,1719.4,1719.4,226
2019-01-08 02:44:00+01:00,1719.4,1719.5,1719.2,1719.4,130
2019-01-08 02:45:00+01:00,1719.5,1719.6,1719.2,1719.3,98
2019-01-08 02:46:00+01:00,1719.3,1719.5,1719.3,1719.4,59
2019-01-08 02:47:00+01:00,1719.3,1719.5,1719.2,1719.5,103
2019-01-08 02:48:00+01:00,1719.5,1719.6,1719.4,1719.6,76
2019-01-08 02:49:00+01:00,1719.5,1719.8,1719.5,1719.7,127
2019-01-08 02:50:00+01:00,1719.8,1720.0,1719.8,1719.8,159
2019-01-08 02:51:00+01:00,1719.9,1719.9,1719.7,1719.8,86
2019-01-08 02:52:00+01:00,1719.9,1719.9,1719.8,1719.8,110
2019-01-08 02:53:00+01:00,1719.9,1720.0,1719.8,1719.8,78
2019-01-08 02:54:00+01:00,1719.8,1719.9,1719.8,1719.9,43
2019-01-08 02:55:00+01:00,1719.9,1719.9,1719.8,1719.9,63
2019-01-08 02:56:00+01:00,1719.9,1719.9,1719.6,1719.6,85
2019-01-08 02:57:00+01:00,1719.7,1719.7,1718.7,1718.8,660
2019-01-08 02:58:00+01:00,1718.9,1719.3,1718.8,1719.3,212
2019-01-08 02:59:00+01:00,1719.3,1719.3,1718.9,1718.9,145
2019-01-08 03:00:00+01:00,1719.0,1719.0,1718.7,1718.9,311
2019-01-08 03:01:00+01:00,1718.9,1718.9,1718.7,1718.9,298
2019-01-08 03:02:00+01:00,1718.8,1718.9,1718.4,1718.6,398
2019-01-08 03:03:00+01:00,1718.6,1718.7,1718.4,1718.4,72
2019-01-08 03:04:00+01:00,1718.4,1718.5,1718.1,1718.3,222
2019-01-08 03:05:00+01:00,1718.4,1718.5,1718.1,1718.2,256
2019-01-08 03:06:00+01:00,1718.3,1718.6,1718.2,1718.5,75
2019-01-08 03:07:00+01:00,1718.6,1718.8,1718.5,1718.7,123
2019-01-08 03:08:00+01:00,1718.8,1718.9,1718.7,1718.8,105
2019-01-08 03:09:00+01:00,1718.8,1718.9,1718.7,1718.9,50
2019-01-08 03:10:00+01:00,1718.8,1718.8,1718.5,1718.6,102
2019-01-08 03:11:00+01:00,1718.5,1718.5,1718.4,1718.5,46
2019-01-08 03:12:00+01:00,1718.5,1718.6,1718.4,1718.5,142
2019-01-08 03:13:00+01:00,1718.5,1718.5,1718.3,1718.4,88
2019-01-08 03:14:00+01:00,1718.5,1718.5,1718.4,1718.4,14
2019-01-08 03:15:00+01:00,1718.5,1718.5,1718.3,1718.5,59
2019-01-08 03:16:00+01:00,1718.5,1718.7,1718.5,1718.6,132
2019-01-08 03:17:00+01:00,1718.6,1718.8,1718.6,1718.8,42
2019-01-08 03:18:00+01:00,1718.8,1718.9,1718.7,1718.9,61
2019-01-08 03:19:00+01:00,1718.9,1718.9,1718.8,1718.8,51
2019-01-08 03:20:00+01:00,1718.9,1719.0,1718.8,1719.0,96
2019-01-08 03:21:00+01:00,1719.0,1719.1,1719.0,1719.0,87
2019-01-08 03:22:00+01:00,1719.0,1719.1,1718.9,1719.0,124
2019-01-08 03:23:00+01:00,1719.1,1719.2,1718.9,1718.9,72
2019-01-08 03:24:00+01:00,1719.0,1719.0,1718.9,1718.9,37
2019-01-08 03:25:00+01:00,1718.8,1718.9,1718.8,1718.8,35
2019-01-08 03:26:00+01:00,1718.9,1718.9,1718.8,1718.8,24
2019-01-08 03:27:00+01:00,1718.8,1718.9,1718.8,1718.9,31
2019-01-08 03:28:00+01:00,1719.0,1719.3,1719.0,1719.2,68
2019-01-08 03:29:00+01:00,1719.2,1719.2,1719.0,1719.1,45
2019-01-08 03:30:00+01:00,1719.2,1719.2,1719.1,1719.1,36
2019-01-08 03:31:00+01:00,1719.0,1719.4,1719.0,1719.3,229
2019-01-08 03:32:00+01:00,1719.3,1719.5,1719.2,1719.5,178
2019-01-08 03:33:00+01:00,1719.5,1719.5,1719.4,1719.5,51
2019-01-08 03:34:00+01:00,1719.5,1719.6,1719.4,1719.5,84
2019-01-08 03:35:00+01:00,1719.5,1719.5,1719.4,1719.5,56
2019-01-08 03:36:00+01:00,1719.4,1719.6,1719.4,1719.4,79
2019-01-08 03:37:00+01:00,1719.4,1719.5,1719.3,1719.4,92
2019-01-08 03:38:00+01:00,1719.4,1719.4,1719.2,1719.2,58
2019-01-08 03:39:00+01:00,1719.2,1719.3,1719.2,1719.3,48
2019-01-08 03:40:00+01:00,1719.3,1719.3,1719.2,1719.3,81
2019-01-08 03:41:00+01:00,1719.3,1719.3,1718.8,1718.8,192
2019-01-08 03:42:00+01:00,1718.8,1718.8,1718.6,1718.8,248
2019-01-08 03:43:00+01:00,1718.7,1718.9,1718.7,1718.8,78
2019-01-08 03:44:00+01:00,1718.8,1718.8,1718.7,1718.7,30
2019-01-08 03:45:00+01:00,1718.7,1719.0,1718.7,1718.8,91
2019-01-08 03:46:00+01:00,1718.9,1718.9,1718.8,1718.8,11
2019-01-08 03:47:00+01:00,1718.8,1718.9,1718.8,1718.8,30
2019-01-08 03:48:00+01:00,1718.8,1718.8,1718.6,1718.6,60
2019-01-08 03:49:00+01:00,1718.6,1718.6,1718.4,1718.5,113
2019-01-08 03:50:00+01:00,1718.5,1718.6,1718.4,1718.5,93
2019-01-08 03:51:00+01:00,1718.5,1718.5,1718.3,1718.4,114
2019-01-08 03:52:00+01:00,1718.4,1718.5,1718.3,1718.5,48
2019-01-08 03:53:00+01:00,1718.5,1718.5,1718.4,1718.4,103
2019-01-08 03:54:00+01:00,1718.4,1718.5,1718.0,1718.0,140
2019-01-08 03:55:00+01:00,1718.1,1718.1,1717.6,1717.8,646
2019-01-08 03:56:00+01:00,1717.8,1717.9,1717.8,1717.9,64
2019-01-08 03:57:00+01:00,1717.8,1717.8,1717.7,1717.7,77
2019-01-08 03:58:00+01:00,1717.8,1717.9,1717.6,1717.9,190
2019-01-08 03:59:00+01:00,1717.9,1717.9,1717.8,1717.9,102
2019-01-08 04:00:00+01:00,1717.9,1718.0,1717.7,1717.8,97
2019-01-08 04:01:00+01:00,1717.7,1717.9,1717.6,1717.9,105
2019-01-08 04:02:00+01:00,1717.9,1718.1,1717.8,1718.1,104
2019-01-08 04:03:00+01:00,1718.0,1718.1,1717.9,1718.0,70
2019-01-08 04:04:00+01:00,1718.0,1718.1,1718.0,1718.1,39
2019-01-08 04:05:00+01:00,1718.1,1718.2,1718.0,1718.2,104
2019-01-08 04:06:00+01:00,1718.1,1718.1,1717.7,1717.8,176
2019-01-08 04:07:00+01:00,1717.8,1717.9,1717.7,1717.8,50
2019-01-08 04:08:00+01:00,1717.8,1717.9,1717.7,1717.7,60
2019-01-08 04:09:00+01:00,1717.7,1717.7,1717.6,1717.7,43
2019-01-08 04:10:00+01:00,1717.7,1717.8,1717.7,1717.8,47
2019-01-08 04:11:00+01:00,1717.8,1717.8,1717.7,1717.8,42
2019-01-08 04:12:00+01:00,1717.7,1717.9,1717.7,1717.9,29
2019-01-08 04:13:00+01:00,1717.9,1718.1,1717.9,1718.0,86
2019-01-08 04:14:00+01:00,1718.0,1718.0,1717.6,1717.8,93
2019-01-08 04:15:00+01:00,1717.8,1717.8,1717.4,1717.5,150
2019-01-08 04:16:00+01:00,1717.4,1717.6,1717.4,1717.5,47
2019-01-08 04:17:00+01:00,1717.5,1717.8,1717.4,1717.8,77
2019-01-08 04:18:00+01:00,1717.8,1717.8,1717.7,1717.7,49
2019-01-08 04:19:00+01:00,1717.6,1717.7,1717.6,1717.7,63
2019-01-08 04:20:00+01:00,1717.8,1717.8,1717.7,1717.7,58
2019-01-08 04:21:00+01:00,1717.7,1717.8,1717.7,1717.7,27
2019-01-08 04:22:00+01:00,1717.7,1717.8,1717.7,1717.7,36
2019-01-08 04:23:00+01:00,1717.8,1717.8,1717.7,1717.8,38
2019-01-08 04:24:00+01:00,1717.7,1717.7,1717.6,1717.7,25
2019-01-08 04:25:00+01:00,1717.6,1717.7,1717.6,1717.7,24
2019-01-08 04:26:00+01:00,1717.6,1717.6,1717.5,1717.6,25
2019-01-08 04:27:00+01:00,1717.5,1717.5,1717.4,1717.5,79
2019-01-08 04:28:00+01:00,1717.4,1717.4,1717.3,1717.4,70
2019-01-08 04:29:00+01:00,1717.4,1717.6,1717.3,1717.5,60
2019-01-08 04:30:00+01:00,1717.5,1717.6,1717.4,1717.5,79
2019-01-08 04:31:00+01:00,1717.5,1717.6,1717.5,1717.6,117
2019-01-08 04:32:00+01:00,1717.6,1717.7,1717.6,1717.7,48
2019-01-08 04:33:00+01:00,1717.7,1717.7,1717.3,1717.3,71
2019-01-08 04:34:00+01:00,1717.4,1717.4,1717.1,1717.2,131
2019-01-08 04:35:00+01:00,1717.1,1717.4,1717.0,1717.4,191
2019-01-08 04:36:00+01:00,1717.4,1717.5,1717.2,1717.3,54
2019-01-08 04:37:00+01:00,1717.3,1717.5,1717.3,1717.5,32
2019-01-08 04:38:00+01:00,1717.4,1717.4,1717.2,1717.3,24
2019-01-08 04:39:00+01:00,1717.3,1717.3,1717.0,1717.2,162
2019-01-08 04:40:00+01:00,1717.1,1717.2,1716.8,1716.8,126
2019-01-08 04:41:00+01:00,1716.8,1717.1,1716.8,1716.9,91
2019-01-08 04:42:00+01:00,1717.0,1717.1,1716.9,1717.1,31
2019-01-08 04:43:00+01:00,1717.1,1717.2,1717.0,1717.1,48
2019-01-08 04:44:00+01:00,1717.0,1717.0,1716.9,1716.9,32
2019-01-08 04:45:00+01:00,1717.0,1717.0,1716.8,1716.9,22
2019-01-08 04:46:00+01:00,1716.8,1716.9,1716.8,1716.9,88
2019-01-08 04:47:00+01:00,1716.9,1717.0,1716.6,1716.9,115
2019-01-08 04:48:00+01:00,1717.0,1717.0,1716.8,1716.9,29
2019-01-08 04:49:00+01:00,1716.9,1717.0,1716.7,1716.7,115
2019-01-08 04:50:00+01:00,1716.7,1716.7,1716.2,1716.4,276
2019-01-08 04:51:00+01:00,1716.4,1716.6,1716.4,1716.4,135
2019-01-08 04:52:00+01:00,1716.3,1716.4,1716.2,1716.3,191
2019-01-08 04:53:00+01:00,1716.3,1716.4,1716.2,1716.3,123
2019-01-08 04:54:00+01:00,1716.4,1716.4,1716.2,1716.3,63
2019-01-08 04:55:00+01:00,1716.2,1716.3,1716.0,1716.2,168
2019-01-08 04:56:00+01:00,1716.1,1716.3,1715.9,1716.1,337
2019-01-08 04:57:00+01:00,1716.1,1716.1,1715.9,1716.0,68
2019-01-08 04:58:00+01:00,1716.0,1716.2,1715.9,1716.1,73
2019-01-08 04:59:00+01:00,1716.1,1716.3,1716.1,1716.3,59
2019-01-08 05:00:00+01:00,1716.2,1716.4,1716.1,1716.4,61
2019-01-08 05:01:00+01:00,1716.4,1716.4,1716.1,1716.1,96
2019-01-08 05:02:00+01:00,1716.2,1716.3,1716.0,1716.1,83
2019-01-08 05:03:00+01:00,1716.1,1716.1,1716.0,1716.1,40
2019-01-08 05:04:00+01:00,1716.1,1716.1,1714.7,1715.2,1267
2019-01-08 05:05:00+01:00,1715.2,1715.3,1715.0,1715.3,362
2019-01-08 05:06:00+01:00,1715.2,1715.5,1715.1,1715.5,163
2019-01-08 05:07:00+01:00,1715.5,1715.5,1715.4,1715.5,18
2019-01-08 05:08:00+01:00,1715.4,1715.6,1715.4,1715.5,44
2019-01-08 05:09:00+01:00,1715.6,1715.9,1715.6,1715.8,126
2019-01-08 05:10:00+01:00,1715.8,1715.9,1715.6,1715.9,154
2019-01-08 05:11:00+01:00,1715.9,1716.0,1715.7,1715.7,76
2019-01-08 05:12:00+01:00,1715.7,1715.8,1715.7,1715.8,45
2019-01-08 05:13:00+01:00,1715.8,1715.9,1715.7,1715.8,46
2019-01-08 05:14:00+01:00,1715.8,1715.8,1715.6,1715.8,79
2019-01-08 05:15:00+01:00,1715.8,1715.8,1715.6,1715.7,62
2019-01-08 05:16:00+01:00,1715.7,1715.8,1715.6,1715.8,75
2019-01-08 05:17:00+01:00,1715.7,1715.8,1715.5,1715.6,137
2019-01-08 05:18:00+01:00,1715.6,1715.7,1715.5,1715.6,62
2019-01-08 05:19:00+01:00,1715.5,1715.6,1715.4,1715.6,63
2019-01-08 05:20:00+01:00,1715.6,1715.6,1715.4,1715.5,150
2019-01-08 05:21:00+01:00,1715.5,1715.6,1715.4,1715.6,45
2019-01-08 05:22:00+01:00,1715.6,1715.7,1715.6,1715.7,28
2019-01-08 05:23:00+01:00,1715.6,1715.8,1715.6,1715.8,34
2019-01-08 05:24:00+01:00,1715.7,1715.9,1715.7,1715.9,26
2019-01-08 05:25:00+01:00,1715.9,1715.9,1715.6,1715.7,79
2019-01-08 05:26:00+01:00,1715.6,1716.0,1715.6,1716.0,52
2019-01-08 05:27:00+01:00,1716.0,1716.1,1716.0,1716.1,88
2019-01-08 05:28:00+01:00,1716.1,1716.3,1716.0,1716.3,123
2019-01-08 05:29:00+01:00,1716.3,1716.5,1716.2,1716.3,181
2019-01-08 05:30:00+01:00,1716.3,1716.4,1716.0,1716.0,108
2019-01-08 05:31:00+01:00,1716.1,1716.3,1716.1,1716.2,46
2019-01-08 05:32:00+01:00,1716.3,1716.5,1716.3,1716.4,96
2019-01-08 05:33:00+01:00,1716.4,1716.4,1716.2,1716.2,112
2019-01-08 05:34:00+01:00,1716.4,1716.4,1716.1,1716.1,98
2019-01-08 05:35:00+01:00,1716.2,1716.2,1716.1,1716.2,14
2019-01-08 05:36:00+01:00,1716.2,1716.2,1716.0,1716.0,53
2019-01-08 05:37:00+01:00,1715.9,1716.1,1715.9,1716.1,66
2019-01-08 05:38:00+01:00,1716.2,1716.2,1716.1,1716.1,85
2019-01-08 05:39:00+01:00,1716.2,1716.2,1716.1,1716.1,18
2019-01-08 05:40:00+01:00,1716.2,1716.2,1716.2,1716.2,18
2019-01-08 05:41:00+01:00,1716.2,1716.2,1716.0,1716.1,30
2019-01-08 05:42:00+01:00,1716.1,1716.2,1716.0,1716.2,36
2019-01-08 05:43:00+01:00,1716.2,1716.2,1716.1,1716.1,13
2019-01-08 05:44:00+01:00,1716.0,1716.0,1715.9,1716.0,35
2019-01-08 05:45:00+01:00,1716.0,1716.0,1715.8,1716.0,61
2019-01-08 05:46:00+01:00,1716.1,1716.1,1716.0,1716.1,13
2019-01-08 05:47:00+01:00,1716.1,1716.1,1716.0,1716.1,50
2019-01-08 05:48:00+01:00,1716.1,1716.1,1716.0,1716.0,48
2019-01-08 05:49:00+01:00,1716.0,1716.0,1715.8,1715.8,40
2019-01-08 05:50:00+01:00,1715.8,1715.9,1715.7,1715.9,41
2019-01-08 05:51:00+01:00,1715.8,1715.8,1715.7,1715.7,54
2019-01-08 05:52:00+01:00,1715.7,1715.8,1715.7,1715.8,34
2019-01-08 05:53:00+01:00,1715.8,1715.8,1715.7,1715.7,4
2019-01-08 05:54:00+01:00,1715.7,1715.7,1715.5,1715.6,91
2019-01-08 05:55:00+01:00,1715.6,1715.6,1715.5,1715.5,13
2019-01-08 05:56:00+01:00,1715.5,1715.5,1715.4,1715.5,75
2019-01-08 05:57:00+01:00,1715.5,1715.5,1715.4,1715.5,40
2019-01-08 05:58:00+01:00,1715.5,1715.6,1715.4,1715.5,21
2019-01-08 05:59:00+01:00,1715.6,1715.7,1715.6,1715.7,63
2019-01-08 06:00:00+01:00,1715.7,1715.7,1715.6,1715.6,31
2019-01-08 06:01:00+01:00,1715.5,1715.7,1715.4,1715.7,48
2019-01-08 06:02:00+01:00,1715.6,1715.7,1715.6,1715.6,38
2019-01-08 06:03:00+01:00,1715.7,1715.7,1715.6,1715.6,79
2019-01-08 06:04:00+01:00,1715.6,1715.7,1715.6,1715.6,18
2019-01-08 06:05:00+01:00,1715.6,1715.7,1715.5,1715.6,57
2019-01-08 06:06:00+01:00,1715.6,1715.7,1715.5,1715.6,72
2019-01-08 06:07:00+01:00,1715.7,1715.8,1715.6,1715.6,48
2019-01-08 06:08:00+01:00,1715.7,1715.8,1715.6,1715.6,31
2019-01-08 06:09:00+01:00,1715.7,1715.7,1715.6,1715.7,35
2019-01-08 06:10:00+01:00,1715.7,1715.7,1715.5,1715.5,40
2019-01-08 06:11:00+01:00,1715.5,1715.6,1715.5,1715.5,22
2019-01-08 06:12:00+01:00,1715.6,1715.6,1715.5,1715.5,23
2019-01-08 06:13:00+01:00,1715.5,1715.6,1715.4,1715.5,30
2019-01-08 06:14:00+01:00,1715.6,1715.6,1715.5,1715.5,24
2019-01-08 06:15:00+01:00,1715.6,1715.6,1715.4,1715.4,50
2019-01-08 06:16:00+01:00,1715.4,1715.4,1715.2,1715.2,209
2019-01-08 06:17:00+01:00,1715.1,1715.3,1715.1,1715.3,68
2019-01-08 06:18:00+01:00,1715.3,1715.4,1715.2,1715.3,79
2019-01-08 06:19:00+01:00,1715.2,1715.2,1715.1,1715.1,19
2019-01-08 06:20:00+01:00,1715.1,1715.1,1715.0,1715.1,136
2019-01-08 06:21:00+01:00,1715.0,1715.2,1715.0,1715.0,68
2019-01-08 06:22:00+01:00,1715.0,1715.1,1715.0,1715.1,11
2019-01-08 06:23:00+01:00,1715.0,1715.1,1715.0,1715.1,40
2019-01-08 06:24:00+01:00,1715.1,1715.2,1715.0,1715.1,60
2019-01-08 06:25:00+01:00,1715.1,1715.1,1715.0,1715.0,47
2019-01-08 06:26:00+01:00,1715.0,1715.1,1715.0,1715.1,75
2019-01-08 06:27:00+01:00,1715.0,1715.1,1715.0,1715.0,46
2019-01-08 06:28:00+01:00,1715.0,1715.1,1714.9,1715.1,28
2019-01-08 06:29:00+01:00,1715.1,1715.1,1714.9,1715.0,45
2019-01-08 06:30:00+01:00,1715.0,1715.1,1714.9,1715.0,109
2019-01-08 06:31:00+01:00,1715.0,1715.2,1714.9,1715.0,193
2019-01-08 06:32:00+01:00,1715.1,1715.3,1715.0,1715.1,201
2019-01-08 06:33:00+01:00,1715.2,1715.3,1715.1,1715.2,192
2019-01-08 06:34:00+01:00,1715.1,1715.2,1714.8,1714.9,270
2019-01-08 06:35:00+01:00,1714.9,1714.9,1714.6,1714.9,299
2019-01-08 06:36:00+01:00,1714.8,1714.8,1714.5,1714.6,157
2019-01-08 06:37:00+01:00,1714.5,1714.8,1714.5,1714.6,186
2019-01-08 06:38:00+01:00,1714.6,1714.7,1714.4,1714.5,153
2019-01-08 06:39:00+01:00,1714.4,1714.5,1714.4,1714.4,119
2019-01-08 06:40:00+01:00,1714.4,1714.5,1714.4,1714.4,53
2019-01-08 06:41:00+01:00,1714.4,1714.9,1714.4,1714.9,196
2019-01-08 06:42:00+01:00,1714.9,1715.0,1714.8,1715.0,43
2019-01-08 06:43:00+01:00,1714.9,1715.0,1714.8,1714.8,30
2019-01-08 06:44:00+01:00,1714.8,1715.2,1714.8,1715.2,124
2019-01-08 06:45:00+01:00,1715.2,1715.2,1715.1,1715.1,89
2019-01-08 06:46:00+01:00,1715.2,1715.3,1715.1,1715.3,230
2019-01-08 06:47:00+01:00,1715.3,1715.5,1715.3,1715.5,143
2019-01-08 06:48:00+01:00,1715.5,1715.5,1715.3,1715.5,151
2019-01-08 06:49:00+01:00,1715.4,1715.4,1715.3,1715.4,33
2019-01-08 06:50:00+01:00,1715.4,1715.4,1715.1,1715.1,82
2019-01-08 06:51:00+01:00,1715.1,1715.2,1715.0,1715.0,97
2019-01-08 06:52:00+01:00,1715.1,1715.2,1715.0,1715.2,53
2019-01-08 06:53:00+01:00,1715.2,1715.4,1715.2,1715.3,92
2019-01-08 06:54:00+01:00,1715.3,1715.3,1715.0,1715.0,182
2019-01-08 06:55:00+01:00,1715.1,1715.1,1714.9,1715.0,90
2019-01-08 06:56:00+01:00,1715.0,1715.1,1715.0,1715.0,53
2019-01-08 06:57:00+01:00,1715.1,1715.2,1715.0,1715.0,130
2019-01-08 06:58:00+01:00,1715.1,1715.1,1715.0,1715.1,9
2019-01-08 06:59:00+01:00,1715.1,1715.3,1714.8,1715.2,309
2019-01-08 07:00:00+01:00,1715.2,1715.7,1715.2,1715.7,415
2019-01-08 07:01:00+01:00,1715.6,1715.7,1715.4,1715.6,186
2019-01-08 07:02:00+01:00,1715.5,1715.7,1715.5,1715.7,139
2019-01-08 07:03:00+01:00,1715.7,1716.1,1715.6,1716.1,356
2019-01-08 07:04:00+01:00,1716.0,1716.1,1715.8,1716.0,138
2019-01-08 07:05:00+01:00,1716.0,1716.1,1716.0,1716.1,124
2019-01-08 07:06:00+01:00,1716.0,1716.3,1716.0,1716.2,153
2019-01-08 07:07:00+01:00,1716.2,1716.7,1716.1,1716.7,635
2019-01-08 07:08:00+01:00,1716.7,1717.1,1716.6,1717.0,619
2019-01-08 07:09:00+01:00,1717.0,1717.1,1716.6,1716.7,448
2019-01-08 07:10:00+01:00,1716.7,1716.7,1716.3,1716.4,303
2019-01-08 07:11:00+01:00,1716.4,1716.5,1716.3,1716.5,105
2019-01-08 07:12:00+01:00,1716.5,1716.6,1716.4,1716.4,98
2019-01-08 07:13:00+01:00,1716.4,1716.6,1716.3,1716.6,107
2019-01-08 07:14:00+01:00,1716.5,1716.6,1716.5,1716.5,43
2019-01-08 07:15:00+01:00,1716.5,1716.6,1716.3,1716.4,125
2019-01-08 07:16:00+01:00,1716.4,1716.7,1716.3,1716.7,104
2019-01-08 07:17:00+01:00,1716.7,1716.9,1716.7,1716.8,97
2019-01-08 07:18:00+01:00,1716.9,1717.1,1716.7,1716.8,183
2019-01-08 07:19:00+01:00,1716.8,1716.9,1716.7,1716.8,70
2019-01-08 07:20:00+01:00,1716.8,1716.9,1716.7,1716.8,63
2019-01-08 07:21:00+01:00,1716.8,1716.9,1716.7,1716.7,38
2019-01-08 07:22:00+01:00,1716.7,1716.9,1716.7,1716.9,24
2019-01-08 07:23:00+01:00,1716.9,1717.2,1716.9,1717.0,161
2019-01-08 07:24:00+01:00,1717.1,1717.4,1717.1,1717.4,203
2019-01-08 07:25:00+01:00,1717.3,1717.4,1717.0,1717.0,130
2019-01-08 07:26:00+01:00,1717.0,1717.1,1716.9,1717.0,48
2019-01-08 07:27:00+01:00,1717.0,1717.4,1717.0,1717.1,291
2019-01-08 07:28:00+01:00,1717.1,1717.1,1716.8,1716.9,152
2019-01-08 07:29:00+01:00,1717.0,1717.0,1716.5,1716.5,191
2019-01-08 07:30:00+01:00,1716.6,1716.7,1716.6,1716.6,167
2019-01-08 07:31:00+01:00,1716.5,1716.7,1716.3,1716.4,156
2019-01-08 07:32:00+01:00,1716.3,1716.4,1716.2,1716.4,179
2019-01-08 07:33:00+01:00,1716.3,1716.4,1716.3,1716.3,59
2019-01-08 07:34:00+01:00,1716.4,1716.4,1716.2,1716.3,29
2019-01-08 07:35:00+01:00,1716.4,1716.6,1716.3,1716.5,79
2019-01-08 07:36:00+01:00,1716.5,1716.5,1716.4,1716.4,32
2019-01-08 07:37:00+01:00,1716.5,1716.5,1716.4,1716.4,19
2019-01-08 07:38:00+01:00,1716.5,1716.5,1716.3,1716.3,38
2019-01-08 07:39:00+01:00,1716.3,1716.5,1716.2,1716.4,92
2019-01-08 07:40:00+01:00,1716.4,1716.5,1716.3,1716.5,28
2019-01-08 07:41:00+01:00,1716.5,1716.5,1716.3,1716.3,70
2019-01-08 07:42:00+01:00,1716.3,1716.5,1716.3,1716.3,31
2019-01-08 07:43:00+01:00,1716.3,1716.4,1716.2,1716.2,34
2019-01-08 07:44:00+01:00,1716.2,1716.2,1716.1,1716.1,43
2019-01-08 07:45:00+01:00,1716.2,1716.2,1716.0,1716.0,49
2019-01-08 07:46:00+01:00,1716.1,1716.1,1715.7,1715.8,164
2019-01-08 07:47:00+01:00,1715.9,1715.9,1715.8,1715.9,80
2019-01-08 07:48:00+01:00,1715.9,1716.0,1715.9,1715.9,42
2019-01-08 07:49:00+01:00,1715.9,1716.0,1715.7,1715.7,143
2019-01-08 07:50:00+01:00,1715.8,1716.0,1715.6,1716.0,120
2019-01-08 07:51:00+01:00,1716.0,1716.1,1715.9,1716.1,70
2019-01-08 07:52:00+01:00,1716.1,1716.3,1716.1,1716.1,154
2019-01-08 07:53:00+01:00,1716.1,1716.2,1716.1,1716.2,68
2019-01-08 07:54:00+01:00,1716.2,1716.2,1716.1,1716.2,12
2019-01-08 07:55:00+01:00,1716.2,1716.4,1716.2,1716.4,49
2019-01-08 07:56:00+01:00,1716.3,1716.4,1716.1,1716.3,67
2019-01-08 07:57:00+01:00,1716.3,1716.4,1716.3,1716.4,64
2019-01-08 07:58:00+01:00,1716.4,1716.5,1716.3,1716.3,43
2019-01-08 07:59:00+01:00,1716.3,1716.4,1716.1,1716.4,113
2019-01-08 08:00:00+01:00,1716.4,1716.4,1716.0,1716.0,182
2019-01-08 08:01:00+01:00,1716.0,1716.1,1715.7,1715.7,285
2019-01-08 08:02:00+01:00,1715.8,1715.9,1715.4,1715.4,290
2019-01-08 08:03:00+01:00,1715.4,1715.7,1715.4,1715.6,185
2019-01-08 08:04:00+01:00,1715.5,1715.6,1715.3,1715.6,161
2019-01-08 08:05:00+01:00,1715.7,1715.8,1715.6,1715.6,88
2019-01-08 08:06:00+01:00,1715.7,1715.8,1715.4,1715.5,75
2019-01-08 08:07:00+01:00,1715.5,1715.6,1715.4,1715.4,32
2019-01-08 08:08:00+01:00,1715.5,1715.5,1715.4,1715.5,70
2019-01-08 08:09:00+01:00,1715.6,1715.7,1715.5,1715.6,75
2019-01-08 08:10:00+01:00,1715.6,1715.6,1715.5,1715.5,57
2019-01-08 08:11:00+01:00,1715.6,1715.8,1715.5,1715.8,80
2019-01-08 08:12:00+01:00,1715.7,1716.0,1715.7,1715.8,136
2019-01-08 08:13:00+01:00,1715.8,1715.8,1715.3,1715.4,228
2019-01-08 08:14:00+01:00,1715.4,1715.5,1715.3,1715.3,208
2019-01-08 08:15:00+01:00,1715.3,1715.5,1715.2,1715.3,182
2019-01-08 08:16:00+01:00,1715.2,1715.5,1715.0,1715.4,341
2019-01-08 08:17:00+01:00,1715.3,1715.4,1714.8,1714.9,260
2019-01-08 08:18:00+01:00,1714.9,1715.0,1714.8,1714.9,127
2019-01-08 08:19:00+01:00,1715.0,1715.2,1715.0,1715.2,123
2019-01-08 08:20:00+01:00,1715.2,1715.2,1715.1,1715.1,47
2019-01-08 08:21:00+01:00,1715.1,1715.2,1715.0,1715.2,69
2019-01-08 08:22:00+01:00,1715.2,1715.2,1714.7,1714.8,141
2019-01-08 08:23:00+01:00,1714.8,1714.8,1714.4,1714.5,384
2019-01-08 08:24:00+01:00,1714.5,1714.6,1714.3,1714.4,230
2019-01-08 08:25:00+01:00,1714.4,1714.6,1714.4,1714.5,141
2019-01-08 08:26:00+01:00,1714.6,1714.7,1714.5,1714.7,91
2019-01-08 08:27:00+01:00,1714.7,1715.0,1714.6,1714.8,207
2019-01-08 08:28:00+01:00,1714.8,1714.9,1714.7,1714.8,68
2019-01-08 08:29:00+01:00,1714.9,1714.9,1714.7,1714.8,66
2019-01-08 08:30:00+01:00,1714.7,1715.0,1714.7,1715.0,128
2019-01-08 08:31:00+01:00,1715.0,1715.0,1714.8,1714.9,77
2019-01-08 08:32:00+01:00,1714.9,1715.0,1714.8,1714.9,95
2019-01-08 08:33:00+01:00,1714.9,1714.9,1714.6,1714.6,136
2019-01-08 08:34:00+01:00,1714.6,1714.7,1714.5,1714.6,71
2019-01-08 08:35:00+01:00,1714.6,1714.8,1714.6,1714.7,153
2019-01-08 08:36:00+01:00,1714.7,1714.7,1714.6,1714.6,59
2019-01-08 08:37:00+01:00,1714.6,1714.7,1714.6,1714.7,55
2019-01-08 08:38:00+01:00,1714.7,1714.7,1714.5,1714.5,67
2019-01-08 08:39:00+01:00,1714.6,1714.7,1714.5,1714.6,88
2019-01-08 08:40:00+01:00,1714.6,1714.7,1714.5,1714.6,40
2019-01-08 08:41:00+01:00,1714.6,1714.7,1714.6,1714.7,192
2019-01-08 08:42:00+01:00,1714.6,1714.7,1714.5,1714.6,71
2019-01-08 08:43:00+01:00,1714.6,1714.6,1714.5,1714.6,21
2019-01-08 08:44:00+01:00,1714.6,1715.1,1714.6,1715.0,232
2019-01-08 08:45:00+01:00,1715.1,1715.1,1714.9,1715.1,112
2019-01-08 08:46:00+01:00,1715.1,1715.1,1715.0,1715.1,52
2019-01-08 08:47:00+01:00,1715.0,1715.1,1714.9,1715.1,62
2019-01-08 08:48:00+01:00,1715.1,1715.1,1714.8,1714.9,78
2019-01-08 08:49:00+01:00,1714.8,1715.0,1714.7,1715.0,133
2019-01-08 08:50:00+01:00,1714.9,1715.2,1714.8,1715.1,54
2019-01-08 08:51:00+01:00,1715.1,1715.4,1715.1,1715.3,111
2019-01-08 08:52:00+01:00,1715.4,1715.5,1715.3,1715.4,126
2019-01-08 08:53:00+01:00,1715.4,1715.5,1715.3,1715.4,127
2019-01-08 08:54:00+01:00,1715.5,1715.9,1715.4,1715.9,359
2019-01-08 08:55:00+01:00,1715.9,1715.9,1715.6,1715.6,143
2019-01-08 08:56:00+01:00,1715.5,1715.6,1715.4,1715.5,149
2019-01-08 08:57:00+01:00,1715.6,1715.6,1715.3,1715.3,50
2019-01-08 08:58:00+01:00,1715.4,1715.6,1715.3,1715.4,117
2019-01-08 08:59:00+01:00,1715.4,1715.5,1715.3,1715.4,85
2019-01-08 09:00:00+01:00,1715.4,1715.4,1715.3,1715.4,98
2019-01-08 09:01:00+01:00,1715.4,1715.9,1715.4,1715.8,564
2019-01-08 09:02:00+01:00,1715.7,1716.2,1715.7,1716.0,514
2019-01-08 09:03:00+01:00,1716.1,1716.5,1716.0,1716.2,432
2019-01-08 09:04:00+01:00,1716.2,1716.3,1716.0,1716.0,220
2019-01-08 09:05:00+01:00,1716.1,1716.2,1715.7,1715.7,131
2019-01-08 09:06:00+01:00,1715.7,1715.9,1715.7,1715.8,68
2019-01-08 09:07:00+01:00,1715.8,1716.0,1715.7,1715.9,155
2019-01-08 09:08:00+01:00,1715.8,1715.9,1715.8,1715.9,67
2019-01-08 09:09:00+01:00,1715.9,1716.0,1715.8,1716.0,43
2019-01-08 09:10:00+01:00,1715.9,1716.1,1715.8,1716.0,166
2019-01-08 09:11:00+01:00,1716.1,1716.3,1715.9,1716.1,307
2019-01-08 09:12:00+01:00,1716.1,1716.2,1716.1,1716.1,119
2019-01-08 09:13:00+01:00,1716.1,1716.2,1715.9,1716.0,159
2019-01-08 09:14:00+01:00,1716.0,1716.0,1715.6,1715.8,121
2019-01-08 09:15:00+01:00,1715.8,1715.8,1715.5,1715.5,65
2019-01-08 09:16:00+01:00,1715.5,1715.6,1715.4,1715.5,79
2019-01-08 09:17:00+01:00,1715.5,1715.6,1715.5,1715.6,48
2019-01-08 09:18:00+01:00,1715.6,1715.6,1715.2,1715.3,126
2019-01-08 09:19:00+01:00,1715.3,1715.4,1715.2,1715.3,95
2019-01-08 09:20:00+01:00,1715.2,1715.3,1715.0,1715.2,158
2019-01-08 09:21:00+01:00,1715.2,1715.6,1715.0,1715.5,190
2019-01-08 09:22:00+01:00,1715.5,1715.7,1715.5,1715.6,46
2019-01-08 09:23:00+01:00,1715.7,1715.9,1715.7,1715.8,79
2019-01-08 09:24:00+01:00,1715.8,1715.9,1715.6,1715.7,61
2019-01-08 09:25:00+01:00,1715.7,1715.8,1715.6,1715.8,65
2019-01-08 09:26:00+01:00,1715.9,1715.9,1715.7,1715.9,83
2019-01-08 09:27:00+01:00,1715.9,1716.0,1715.8,1716.0,100
2019-01-08 09:28:00+01:00,1716.0,1716.1,1716.0,1716.0,50
2019-01-08 09:29:00+01:00,1715.9,1716.0,1715.7,1715.8,94
2019-01-08 09:30:00+01:00,1715.8,1716.0,1715.5,1715.7,470
2019-01-08 09:31:00+01:00,1715.7,1715.8,1715.0,1715.3,984
2019-01-08 09:32:00+01:00,1715.3,1715.4,1715.0,1715.1,532
2019-01-08 09:33:00+01:00,1715.1,1715.2,1715.1,1715.2,66
2019-01-08 09:34:00+01:00,1715.2,1715.4,1715.2,1715.3,33
2019-01-08 09:35:00+01:00,1715.3,1715.3,1715.2,1715.2,49
2019-01-08 09:36:00+01:00,1715.2,1715.4,1715.2,1715.4,37
2019-01-08 09:37:00+01:00,1715.5,1715.6,1715.4,1715.4,52
2019-01-08 09:38:00+01:00,1715.4,1715.4,1715.2,1715.4,32
2019-01-08 09:39:00+01:00,1715.4,1715.4,1715.2,1715.3,59
2019-01-08 09:40:00+01:00,1715.3,1715.4,1715.2,1715.2,61
2019-01-08 09:41:00+01:00,1715.3,1715.5,1715.2,1715.5,128
2019-01-08 09:42:00+01:00,1715.4,1715.5,1715.3,1715.5,71
2019-01-08 09:43:00+01:00,1715.4,1715.5,1715.4,1715.5,26
2019-01-08 09:44:00+01:00,1715.5,1715.6,1715.4,1715.5,24
2019-01-08 09:45:00+01:00,1715.5,1715.7,1715.5,1715.7,34
2019-01-08 09:46:00+01:00,1715.7,1715.9,1715.7,1715.7,69
2019-01-08 09:47:00+01:00,1715.8,1715.8,1715.6,1715.6,53
2019-01-08 09:48:00+01:00,1715.7,1716.0,1715.7,1715.9,101
2019-01-08 09:49:00+01:00,1716.0,1716.0,1715.8,1715.9,53
2019-01-08 09:50:00+01:00,1715.9,1715.9,1715.8,1715.9,26
2019-01-08 09:51:00+01:00,1715.8,1716.0,1715.8,1715.9,27
2019-01-08 09:52:00+01:00,1715.9,1715.9,1715.7,1715.7,17
2019-01-08 09:53:00+01:00,1715.7,1715.8,1715.7,1715.8,39
2019-01-08 09:54:00+01:00,1715.7,1715.9,1715.7,1715.8,39
2019-01-08 09:55:00+01:00,1715.8,1715.8,1715.6,1715.8,35
2019-01-08 09:56:00+01:00,1715.8,1715.8,1715.7,1715.8,30
2019-01-08 09:57:00+01:00,1715.7,1715.8,1715.6,1715.7,94
2019-01-08 09:58:00+01:00,1715.8,1716.1,1715.8,1716.1,78
2019-01-08 09:59:00+01:00,1716.1,1716.1,1715.8,1715.8,81
2019-01-08 10:00:00+01:00,1715.7,1715.9,1715.7,1715.8,58
2019-01-08 10:01:00+01:00,1715.8,1715.8,1715.6,1715.8,131
2019-01-08 10:02:00+01:00,1715.8,1716.0,1715.8,1716.0,40
2019-01-08 10:03:00+01:00,1716.0,1716.0,1715.9,1715.9,87
2019-01-08 10:04:00+01:00,1716.0,1716.3,1715.9,1716.1,197
2019-01-08 10:05:00+01:00,1716.1,1716.1,1716.0,1716.0,76
2019-01-08 10:06:00+01:00,1716.0,1716.3,1716.0,1716.3,51
2019-01-08 10:07:00+01:00,1716.3,1716.4,1716.2,1716.3,73
2019-01-08 10:08:00+01:00,1716.3,1716.5,1716.2,1716.4,139
2019-01-08 10:09:00+01:00,1716.4,1716.5,1716.3,1716.4,127
2019-01-08 10:10:00+01:00,1716.3,1716.5,1716.2,1716.3,53
2019-01-08 10:11:00+01:00,1716.3,1716.4,1716.2,1716.3,71
2019-01-08 10:12:00+01:00,1716.3,1716.4,1716.2,1716.2,167
2019-01-08 10:13:00+01:00,1716.3,1716.3,1716.2,1716.2,37
2019-01-08 10:14:00+01:00,1716.2,1716.4,1716.2,1716.4,208
2019-01-08 10:15:00+01:00,1716.4,1716.5,1716.3,1716.5,78
2019-01-08 10:16:00+01:00,1716.4,1716.7,1716.4,1716.6,100
2019-01-08 10:17:00+01:00,1716.6,1716.7,1716.5,1716.6,110
2019-01-08 10:18:00+01:00,1716.7,1716.8,1716.4,1716.4,102
2019-01-08 10:19:00+01:00,1716.4,1716.5,1716.3,1716.5,107
2019-01-08 10:20:00+01:00,1716.5,1716.5,1716.3,1716.3,90
2019-01-08 10:21:00+01:00,1716.4,1716.4,1716.2,1716.2,136
2019-01-08 10:22:00+01:00,1716.3,1716.3,1716.2,1716.3,25
2019-01-08 10:23:00+01:00,1716.2,1716.4,1716.2,1716.3,177
2019-01-08 10:24:00+01:00,1716.3,1716.4,1716.3,1716.4,64
2019-01-08 10:25:00+01:00,1716.4,1716.5,1716.3,1716.4,65
2019-01-08 10:26:00+01:00,1716.4,1716.4,1716.3,1716.3,68
2019-01-08 10:27:00+01:00,1716.4,1716.4,1716.2,1716.3,94
2019-01-08 10:28:00+01:00,1716.3,1716.4,1716.2,1716.3,52
2019-01-08 10:29:00+01:00,1716.3,1716.4,1716.3,1716.4,57
2019-01-08 10:30:00+01:00,1716.4,1716.5,1716.3,1716.4,71
2019-01-08 10:31:00+01:00,1716.3,1716.5,1716.3,1716.5,73
2019-01-08 10:32:00+01:00,1716.5,1716.5,1716.3,1716.3,127
2019-01-08 10:33:00+01:00,1716.3,1716.4,1716.2,1716.3,80
2019-01-08 10:34:00+01:00,1716.3,1716.4,1716.2,1716.3,116
2019-01-08 10:35:00+01:00,1716.3,1716.4,1716.2,1716.2,24
2019-01-08 10:36:00+01:00,1716.2,1716.2,1716.1,1716.1,168
2019-01-08 10:37:00+01:00,1716.2,1716.3,1716.1,1716.1,168
2019-01-08 10:38:00+01:00,1716.1,1716.2,1716.0,1716.1,41
2019-01-08 10:39:00+01:00,1716.1,1716.1,1716.0,1716.1,40
2019-01-08 10:40:00+01:00,1716.1,1716.1,1716.0,1716.0,68
2019-01-08 10:41:00+01:00,1716.1,1716.1,1716.0,1716.1,27
2019-01-08 10:42:00+01:00,1716.0,1716.1,1716.0,1716.0,37
2019-01-08 10:43:00+01:00,1716.0,1716.1,1716.0,1716.0,44
2019-01-08 10:44:00+01:00,1716.1,1716.1,1715.9,1716.0,67
2019-01-08 10:45:00+01:00,1716.0,1716.1,1715.9,1716.0,29
2019-01-08 10:46:00+01:00,1715.9,1716.1,1715.9,1716.1,135
2019-01-08 10:47:00+01:00,1716.1,1716.2,1716.0,1716.2,17
2019-01-08 10:48:00+01:00,1716.2,1716.3,1716.1,1716.2,140
2019-01-08 10:49:00+01:00,1716.2,1716.4,1716.1,1716.3,90
2019-01-08 10:50:00+01:00,1716.4,1716.4,1716.3,1716.3,40
2019-01-08 10:51:00+01:00,1716.4,1716.5,1716.3,1716.5,38
2019-01-08 10:52:00+01:00,1716.5,1716.5,1716.4,1716.4,17
2019-01-08 10:53:00+01:00,1716.5,1716.5,1716.4,1716.4,4
2019-01-08 10:54:00+01:00,1716.5,1716.5,1716.3,1716.4,42
2019-01-08 10:55:00+01:00,1716.4,1716.5,1716.4,1716.4,48
2019-01-08 10:56:00+01:00,1716.3,1716.3,1716.2,1716.3,50
2019-01-08 10:57:00+01:00,1716.3,1716.3,1716.1,1716.2,44
2019-01-08 10:58:00+01:00,1716.1,1716.2,1716.1,1716.2,46
2019-01-08 10:59:00+01:00,1716.1,1716.2,1716.1,1716.2,11
2019-01-08 11:00:00+01:00,1716.2,1716.2,1716.1,1716.2,11
2019-01-08 11:01:00+01:00,1716.2,1716.2,1715.8,1716.0,129
2019-01-08 11:02:00+01:00,1716.0,1716.0,1715.9,1715.9,57
2019-01-08 11:03:00+01:00,1715.9,1716.0,1715.8,1716.0,148
2019-01-08 11:04:00+01:00,1716.0,1716.0,1715.9,1716.0,59
2019-01-08 11:05:00+01:00,1716.0,1716.0,1715.9,1716.0,23
2019-01-08 11:06:00+01:00,1715.9,1716.0,1715.7,1715.8,111
2019-01-08 11:07:00+01:00,1715.7,1715.9,1715.7,1715.9,70
2019-01-08 11:08:00+01:00,1715.8,1715.8,1715.3,1715.4,243
2019-01-08 11:09:00+01:00,1715.5,1715.5,1714.8,1714.9,318
2019-01-08 11:10:00+01:00,1714.9,1715.1,1714.7,1714.8,278
2019-01-08 11:11:00+01:00,1714.8,1715.1,1714.7,1715.1,188
2019-01-08 11:12:00+01:00,1715.0,1715.0,1714.8,1714.9,135
2019-01-08 11:13:00+01:00,1714.9,1715.2,1714.8,1715.2,47
2019-01-08 11:14:00+01:00,1715.2,1715.3,1715.1,1715.2,173
2019-01-08 11:15:00+01:00,1715.2,1715.4,1715.2,1715.4,150
2019-01-08 11:16:00+01:00,1715.4,1715.6,1715.4,1715.6,169
2019-01-08 11:17:00+01:00,1715.6,1715.7,1715.3,1715.3,112
2019-01-08 11:18:00+01:00,1715.3,1715.4,1715.3,1715.3,48
2019-01-08 11:19:00+01:00,1715.2,1715.4,1715.1,1715.2,96
2019-01-08 11:20:00+01:00,1715.2,1715.3,1715.2,1715.2,26
2019-01-08 11:21:00+01:00,1715.2,1715.3,1715.2,1715.3,25
2019-01-08 11:22:00+01:00,1715.2,1715.3,1715.1,1715.3,65
2019-01-08 11:23:00+01:00,1715.4,1715.4,1715.3,1715.3,35
2019-01-08 11:24:00+01:00,1715.4,1715.4,1715.3,1715.3,20
2019-01-08 11:25:00+01:00,1715.3,1715.3,1715.1,1715.2,66
2019-01-08 11:26:00+01:00,1715.2,1715.4,1715.2,1715.4,43
2019-01-08 11:27:00+01:00,1715.4,1715.6,1715.4,1715.5,99
2019-01-08 11:28:00+01:00,1715.5,1715.7,1715.5,1715.7,162
2019-01-08 11:29:00+01:00,1715.6,1715.9,1715.6,1715.9,96
2019-01-08 11:30:00+01:00,1715.8,1716.1,1715.6,1715.7,149
2019-01-08 11:31:00+01:00,1715.8,1716.2,1715.7,1716.1,385
2019-01-08 11:32:00+01:00,1716.1,1716.2,1715.9,1716.0,169
2019-01-08 11:33:00+01:00,1716.1,1716.1,1715.9,1716.0,150
2019-01-08 11:34:00+01:00,1716.0,1716.1,1716.0,1716.0,67
2019-01-08 11:35:00+01:00,1715.9,1716.0,1715.9,1715.9,84
2019-01-08 11:36:00+01:00,1715.9,1715.9,1715.7,1715.8,84
2019-01-08 11:37:00+01:00,1715.9,1715.9,1715.8,1715.8,31
2019-01-08 11:38:00+01:00,1715.7,1715.9,1715.7,1715.9,35
2019-01-08 11:39:00+01:00,1715.9,1716.0,1715.8,1716.0,19
2019-01-08 11:40:00+01:00,1716.0,1716.2,1716.0,1716.1,70
2019-01-08 11:41:00+01:00,1716.1,1716.1,1716.0,1716.0,23
2019-01-08 11:42:00+01:00,1716.0,1716.0,1715.8,1715.8,55
2019-01-08 11:43:00+01:00,1715.8,1715.9,1715.7,1715.9,53
2019-01-08 11:44:00+01:00,1716.0,1716.0,1715.8,1716.0,79
2019-01-08 11:45:00+01:00,1716.0,1716.0,1715.6,1715.6,40
2019-01-08 11:46:00+01:00,1715.7,1715.8,1715.7,1715.7,34
2019-01-08 11:47:00+01:00,1715.7,1715.7,1715.6,1715.7,58
2019-01-08 11:48:00+01:00,1715.7,1715.7,1715.6,1715.7,11
2019-01-08 11:49:00+01:00,1715.8,1715.9,1715.7,1715.8,107
2019-01-08 11:50:00+01:00,1715.7,1715.9,1715.7,1715.9,34
2019-01-08 11:51:00+01:00,1716.0,1716.0,1715.7,1715.7,76
2019-01-08 11:52:00+01:00,1715.8,1716.0,1715.8,1716.0,62
2019-01-08 11:53:00+01:00,1716.1,1716.3,1716.0,1716.3,123
2019-01-08 11:54:00+01:00,1716.3,1716.4,1716.2,1716.3,105
2019-01-08 11:55:00+01:00,1716.4,1716.5,1716.4,1716.4,72
2019-01-08 11:56:00+01:00,1716.4,1716.4,1716.3,1716.3,84
2019-01-08 11:57:00+01:00,1716.3,1716.4,1716.3,1716.3,31
2019-01-08 11:58:00+01:00,1716.4,1716.5,1716.3,1716.3,80
2019-01-08 11:59:00+01:00,1716.4,1716.4,1716.1,1716.3,112
2019-01-08 12:00:00+01:00,1716.2,1716.2,1716.1,1716.1,25
2019-01-08 12:01:00+01:00,1716.1,1716.2,1715.9,1716.1,95
2019-01-08 12:02:00+01:00,1716.0,1716.1,1715.9,1716.0,83
2019-01-08 12:03:00+01:00,1716.1,1716.1,1716.0,1716.1,27
2019-01-08 12:04:00+01:00,1716.1,1716.1,1715.9,1716.1,72
2019-01-08 12:05:00+01:00,1716.1,1716.1,1716.0,1716.0,14
2019-01-08 12:06:00+01:00,1716.1,1716.1,1715.9,1716.0,10
2019-01-08 12:07:00+01:00,1716.0,1716.1,1716.0,1716.0,57
2019-01-08 12:08:00+01:00,1716.1,1716.1,1716.0,1716.0,58
2019-01-08 12:09:00+01:00,1716.1,1716.1,1715.8,1715.8,58
2019-01-08 12:10:00+01:00,1715.8,1715.8,1715.5,1715.6,68
2019-01-08 12:11:00+01:00,1715.6,1715.6,1715.5,1715.5,201
2019-01-08 12:12:00+01:00,1715.6,1715.6,1715.5,1715.6,23
2019-01-08 12:13:00+01:00,1715.6,1715.6,1715.5,1715.6,20
2019-01-08 12:14:00+01:00,1715.6,1715.6,1715.5,1715.6,32
2019-01-08 12:15:00+01:00,1715.5,1715.6,1715.4,1715.5,48
2019-01-08 12:16:00+01:00,1715.5,1715.5,1715.3,1715.4,114
2019-01-08 12:17:00+01:00,1715.4,1715.8,1715.4,1715.8,89
2019-01-08 12:18:00+01:00,1715.7,1715.8,1715.7,1715.7,85
2019-01-08 12:19:00+01:00,1715.7,1715.7,1715.6,1715.6,9
2019-01-08 12:20:00+01:00,1715.7,1715.8,1715.7,1715.7,22
2019-01-08 12:21:00+01:00,1715.7,1715.8,1715.6,1715.8,13
2019-01-08 12:22:00+01:00,1715.8,1716.0,1715.8,1716.0,66
2019-01-08 12:23:00+01:00,1716.0,1716.1,1716.0,1716.0,50
2019-01-08 12:24:00+01:00,1716.0,1716.1,1716.0,1716.0,21
2019-01-08 12:25:00+01:00,1716.1,1716.1,1716.0,1716.0,43
2019-01-08 12:26:00+01:00,1716.1,1716.1,1716.0,1716.1,65
2019-01-08 12:27:00+01:00,1716.0,1716.0,1716.0,1716.0,2
2019-01-08 12:28:00+01:00,1716.0,1716.1,1715.9,1716.0,46
2019-01-08 12:29:00+01:00,1716.0,1716.0,1715.9,1715.9,31
2019-01-08 12:30:00+01:00,1716.0,1716.0,1715.9,1715.9,27
2019-01-08 12:31:00+01:00,1716.0,1716.0,1715.8,1715.9,23
2019-01-08 12:32:00+01:00,1715.8,1715.9,1715.8,1715.9,29
2019-01-08 12:33:00+01:00,1715.9,1715.9,1715.8,1715.9,54
2019-01-08 12:34:00+01:00,1715.9,1715.9,1715.8,1715.8,4
2019-01-08 12:35:00+01:00,1715.8,1715.8,1715.7,1715.7,32
2019-01-08 12:36:00+01:00,1715.7,1715.7,1715.6,1715.7,53
2019-01-08 12:37:00+01:00,1715.6,1715.7,1715.6,1715.6,70
2019-01-08 12:38:00+01:00,1715.7,1715.7,1715.5,1715.6,146
2019-01-08 12:39:00+01:00,1715.6,1715.7,1715.6,1715.6,31
2019-01-08 12:40:00+01:00,1715.7,1715.7,1715.6,1715.6,23
2019-01-08 12:41:00+01:00,1715.6,1715.7,1715.4,1715.4,132
2019-01-08 12:42:00+01:00,1715.4,1715.4,1715.4,1715.4,31
2019-01-08 12:43:00+01:00,1715.4,1715.6,1715.4,1715.6,49
2019-01-08 12:44:00+01:00,1715.6,1715.6,1715.4,1715.5,40
2019-01-08 12:45:00+01:00,1715.6,1715.7,1715.4,1715.7,50
2019-01-08 12:46:00+01:00,1715.6,1715.8,1715.6,1715.8,106
2019-01-08 12:47:00+01:00,1715.8,1716.0,1715.7,1716.0,63
2019-01-08 12:48:00+01:00,1716.0,1716.2,1715.9,1716.0,86
2019-01-08 12:49:00+01:00,1716.1,1716.2,1716.0,1716.1,94
2019-01-08 12:50:00+01:00,1716.1,1716.2,1716.1,1716.1,255
2019-01-08 12:51:00+01:00,1716.2,1716.2,1716.1,1716.2,83
2019-01-08 12:52:00+01:00,1716.2,1716.2,1716.0,1716.0,89
2019-01-08 12:53:00+01:00,1716.0,1716.0,1715.9,1715.9,61
2019-01-08 12:54:00+01:00,1716.0,1716.1,1715.9,1715.9,147
2019-01-08 12:55:00+01:00,1716.0,1716.0,1715.9,1715.9,194
2019-01-08 12:56:00+01:00,1716.0,1716.1,1716.0,1716.0,158
2019-01-08 12:57:00+01:00,1716.0,1716.1,1716.0,1716.0,66
2019-01-08 12:58:00+01:00,1716.1,1716.1,1715.9,1715.9,54
2019-01-08 12:59:00+01:00,1715.9,1716.0,1715.9,1715.9,58
2019-01-08 13:00:00+01:00,1715.9,1716.0,1715.8,1716.0,53
2019-01-08 13:01:00+01:00,1715.9,1716.1,1715.8,1716.1,98
2019-01-08 13:02:00+01:00,1716.1,1716.1,1716.0,1716.0,111
2019-01-08 13:03:00+01:00,1716.1,1716.3,1716.0,1716.3,114
2019-01-08 13:04:00+01:00,1716.3,1716.4,1716.2,1716.4,194
2019-01-08 13:05:00+01:00,1716.3,1716.4,1716.2,1716.3,194
2019-01-08 13:06:00+01:00,1716.3,1716.4,1716.3,1716.3,88
2019-01-08 13:07:00+01:00,1716.3,1716.3,1716.1,1716.2,62
2019-01-08 13:08:00+01:00,1716.2,1716.3,1716.1,1716.2,114
2019-01-08 13:09:00+01:00,1716.2,1716.4,1716.2,1716.3,87
2019-01-08 13:10:00+01:00,1716.3,1716.5,1716.3,1716.4,158
2019-01-08 13:11:00+01:00,1716.4,1716.7,1716.3,1716.7,210
2019-01-08 13:12:00+01:00,1716.7,1716.7,1716.2,1716.4,255
2019-01-08 13:13:00+01:00,1716.4,1716.5,1716.4,1716.5,71
2019-01-08 13:14:00+01:00,1716.4,1716.5,1716.2,1716.3,97
2019-01-08 13:15:00+01:00,1716.3,1716.4,1716.2,1716.2,47
2019-01-08 13:16:00+01:00,1716.3,1716.3,1716.1,1716.2,211
2019-01-08 13:17:00+01:00,1716.2,1716.5,1716.2,1716.3,126
2019-01-08 13:18:00+01:00,1716.3,1716.4,1716.3,1716.3,29
2019-01-08 13:19:00+01:00,1716.4,1716.4,1716.3,1716.3,35
2019-01-08 13:20:00+01:00,1716.4,1716.4,1716.3,1716.3,19
2019-01-08 13:21:00+01:00,1716.2,1716.3,1716.2,1716.2,52
2019-01-08 13:22:00+01:00,1716.2,1716.2,1716.1,1716.2,16
2019-01-08 13:23:00+01:00,1716.2,1716.2,1716.1,1716.2,23
2019-01-08 13:24:00+01:00,1716.2,1716.3,1716.2,1716.3,5
2019-01-08 13:25:00+01:00,1716.2,1716.3,1716.2,1716.2,15
2019-01-08 13:26:00+01:00,1716.3,1716.3,1716.2,1716.3,29
2019-01-08 13:27:00+01:00,1716.3,1716.3,1716.1,1716.2,41
2019-01-08 13:28:00+01:00,1716.2,1716.2,1716.1,1716.1,24
2019-01-08 13:29:00+01:00,1716.1,1716.1,1715.9,1716.0,81
2019-01-08 13:30:00+01:00,1716.1,1716.2,1716.0,1716.2,43
2019-01-08 13:31:00+01:00,1716.1,1716.3,1716.0,1716.1,43
2019-01-08 13:32:00+01:00,1716.1,1716.3,1716.1,1716.2,44
2019-01-08 13:33:00+01:00,1716.2,1716.3,1716.2,1716.2,44
2019-01-08 13:34:00+01:00,1716.3,1716.3,1716.1,1716.1,35
2019-01-08 13:35:00+01:00,1716.2,1716.3,1716.1,1716.2,52
2019-01-08 13:36:00+01:00,1716.2,1716.2,1716.1,1716.1,14
2019-01-08 13:37:00+01:00,1716.2,1716.3,1716.2,1716.3,26
2019-01-08 13:38:00+01:00,1716.3,1716.3,1716.2,1716.3,45
2019-01-08 13:39:00+01:00,1716.4,1716.4,1716.2,1716.2,83
2019-01-08 13:40:00+01:00,1716.2,1716.3,1715.9,1716.0,118
2019-01-08 13:41:00+01:00,1716.0,1716.0,1715.5,1715.6,207
2019-01-08 13:42:00+01:00,1715.6,1715.6,1715.3,1715.3,135
2019-01-08 13:43:00+01:00,1715.4,1715.4,1715.0,1715.1,240
2019-01-08 13:44:00+01:00,1715.0,1715.3,1715.0,1715.2,216
2019-01-08 13:45:00+01:00,1715.2,1715.4,1715.2,1715.2,104
2019-01-08 13:46:00+01:00,1715.2,1715.3,1715.1,1715.1,168
2019-01-08 13:47:00+01:00,1715.0,1715.1,1714.7,1714.7,180
2019-01-08 13:48:00+01:00,1714.7,1715.1,1714.7,1714.9,276
2019-01-08 13:49:00+01:00,1714.8,1715.0,1714.8,1714.9,191
2019-01-08 13:50:00+01:00,1714.9,1714.9,1714.7,1714.7,148
2019-01-08 13:51:00+01:00,1714.7,1714.9,1714.7,1714.9,142
2019-01-08 13:52:00+01:00,1715.0,1715.0,1714.7,1714.8,82
2019-01-08 13:53:00+01:00,1714.8,1715.0,1714.8,1714.8,107
2019-01-08 13:54:00+01:00,1714.8,1714.9,1714.5,1714.8,276
2019-01-08 13:55:00+01:00,1714.9,1715.0,1714.8,1714.9,148
2019-01-08 13:56:00+01:00,1714.9,1715.1,1714.8,1714.9,217
2019-01-08 13:57:00+01:00,1714.9,1715.1,1714.8,1715.0,117
2019-01-08 13:58:00+01:00,1715.0,1715.2,1715.0,1715.1,84
2019-01-08 13:59:00+01:00,1715.2,1715.4,1715.2,1715.3,152
2019-01-08 14:00:00+01:00,1715.3,1715.3,1714.9,1715.0,133
2019-01-08 14:01:00+01:00,1715.0,1715.2,1714.9,1714.9,275
2019-01-08 14:02:00+01:00,1714.9,1715.0,1714.8,1714.9,124
2019-01-08 14:03:00+01:00,1715.0,1715.2,1714.9,1715.1,60
2019-01-08 14:04:00+01:00,1715.2,1715.5,1715.2,1715.5,215
2019-01-08 14:05:00+01:00,1715.5,1715.7,1715.4,1715.5,131
2019-01-08 14:06:00+01:00,1715.5,1715.6,1715.4,1715.6,87
2019-01-08 14:07:00+01:00,1715.5,1715.6,1715.3,1715.4,172
2019-01-08 14:08:00+01:00,1715.4,1715.5,1715.4,1715.4,44
2019-01-08 14:09:00+01:00,1715.5,1715.5,1715.2,1715.2,95
2019-01-08 14:10:00+01:00,1715.2,1715.3,1715.1,1715.2,36
2019-01-08 14:11:00+01:00,1715.1,1715.3,1714.9,1715.0,205
2019-01-08 14:12:00+01:00,1715.0,1715.0,1713.5,1713.8,1473
2019-01-08 14:13:00+01:00,1713.7,1714.0,1713.6,1713.7,541
2019-01-08 14:14:00+01:00,1713.8,1713.9,1713.4,1713.4,483
2019-01-08 14:15:00+01:00,1713.5,1713.6,1713.3,1713.3,399
2019-01-08 14:16:00+01:00,1713.3,1713.4,1712.9,1713.1,885
2019-01-08 14:17:00+01:00,1713.2,1713.5,1713.1,1713.4,360
2019-01-08 14:18:00+01:00,1713.4,1713.8,1713.4,1713.7,298
2019-01-08 14:19:00+01:00,1713.7,1714.0,1713.6,1713.9,258
2019-01-08 14:20:00+01:00,1713.9,1714.0,1712.3,1712.5,2257
2019-01-08 14:21:00+01:00,1712.5,1712.6,1712.3,1712.4,1411
2019-01-08 14:22:00+01:00,1712.4,1712.6,1712.0,1712.0,810
2019-01-08 14:23:00+01:00,1712.1,1712.5,1711.8,1712.5,972
2019-01-08 14:24:00+01:00,1712.4,1712.9,1712.4,1712.8,397
2019-01-08 14:25:00+01:00,1712.9,1712.9,1712.4,1712.7,319
2019-01-08 14:26:00+01:00,1712.7,1712.8,1712.4,1712.4,325
2019-01-08 14:27:00+01:00,1712.5,1713.0,1712.5,1712.9,275
2019-01-08 14:28:00+01:00,1712.9,1713.2,1712.8,1713.1,217
2019-01-08 14:29:00+01:00,1713.0,1713.6,1713.0,1713.6,345
2019-01-08 14:30:00+01:00,1713.6,1713.6,1713.3,1713.3,169
2019-01-08 14:31:00+01:00,1713.3,1713.6,1713.2,1713.6,272
2019-01-08 14:32:00+01:00,1713.5,1714.0,1713.5,1713.6,445
2019-01-08 14:33:00+01:00,1713.6,1714.0,1713.6,1713.9,230
2019-01-08 14:34:00+01:00,1713.9,1714.0,1713.7,1713.8,347
2019-01-08 14:35:00+01:00,1713.8,1714.0,1713.6,1713.6,135
2019-01-08 14:36:00+01:00,1713.6,1713.8,1713.6,1713.8,229
2019-01-08 14:37:00+01:00,1713.8,1714.3,1713.8,1713.8,625
2019-01-08 14:38:00+01:00,1713.8,1713.9,1713.6,1713.7,140
2019-01-08 14:39:00+01:00,1713.6,1713.7,1713.2,1713.3,314
2019-01-08 14:40:00+01:00,1713.4,1713.4,1713.2,1713.2,128
2019-01-08 14:41:00+01:00,1713.2,1713.5,1713.1,1713.3,342
2019-01-08 14:42:00+01:00,1713.3,1713.5,1713.2,1713.3,183
2019-01-08 14:43:00+01:00,1713.2,1713.3,1713.2,1713.3,90
2019-01-08 14:44:00+01:00,1713.4,1713.6,1713.2,1713.4,124
2019-01-08 14:45:00+01:00,1713.4,1713.4,1713.2,1713.4,169
2019-01-08 14:46:00+01:00,1713.3,1713.4,1712.7,1712.9,476
2019-01-08 14:47:00+01:00,1712.9,1713.1,1712.9,1713.1,96
2019-01-08 14:48:00+01:00,1713.1,1713.1,1712.9,1713.0,88
2019-01-08 14:49:00+01:00,1713.1,1713.2,1712.9,1713.1,159
2019-01-08 14:50:00+01:00,1713.2,1713.6,1713.2,1713.4,217
2019-01-08 14:51:00+01:00,1713.4,1713.5,1712.9,1713.1,374
2019-01-08 14:52:00+01:00,1713.2,1713.3,1712.8,1712.8,333
2019-01-08 14:53:00+01:00,1712.8,1713.2,1712.7,1713.2,243
2019-01-08 14:54:00+01:00,1713.2,1713.2,1713.0,1713.1,201
2019-01-08 14:55:00+01:00,1713.2,1713.5,1713.1,1713.3,249
2019-01-08 14:56:00+01:00,1713.4,1713.6,1713.3,1713.5,178
2019-01-08 14:57:00+01:00,1713.4,1713.8,1713.4,1713.7,467
2019-01-08 14:58:00+01:00,1713.7,1713.8,1713.7,1713.8,141
2019-01-08 14:59:00+01:00,1713.7,1713.9,1713.6,1713.6,366
2019-01-08 15:00:00+01:00,1713.6,1713.8,1713.0,1713.3,312
2019-01-08 15:01:00+01:00,1713.2,1713.3,1713.1,1713.2,192
2019-01-08 15:02:00+01:00,1713.2,1713.5,1713.2,1713.4,108
2019-01-08 15:03:00+01:00,1713.5,1713.6,1713.3,1713.6,236
2019-01-08 15:04:00+01:00,1713.7,1713.7,1713.4,1713.5,205
2019-01-08 15:05:00+01:00,1713.4,1713.5,1713.3,1713.4,74
2019-01-08 15:06:00+01:00,1713.3,1713.9,1713.3,1713.8,386
2019-01-08 15:07:00+01:00,1713.8,1713.8,1713.6,1713.7,106
2019-01-08 15:08:00+01:00,1713.7,1713.8,1713.5,1713.5,101
2019-01-08 15:09:00+01:00,1713.6,1713.6,1713.2,1713.2,144
2019-01-08 15:10:00+01:00,1713.2,1713.2,1712.9,1713.1,111
2019-01-08 15:11:00+01:00,1713.1,1713.5,1713.1,1713.5,112
2019-01-08 15:12:00+01:00,1713.5,1713.9,1713.4,1713.9,195
2019-01-08 15:13:00+01:00,1714.0,1714.1,1713.6,1713.6,317
2019-01-08 15:14:00+01:00,1713.6,1713.8,1713.6,1713.7,108
2019-01-08 15:15:00+01:00,1713.7,1714.1,1713.7,1714.1,150
2019-01-08 15:16:00+01:00,1714.0,1714.3,1714.0,1714.2,248
2019-01-08 15:17:00+01:00,1714.2,1714.4,1714.1,1714.3,212
2019-01-08 15:18:00+01:00,1714.4,1715.0,1714.2,1714.2,693
2019-01-08 15:19:00+01:00,1714.2,1714.4,1714.2,1714.4,133
2019-01-08 15:20:00+01:00,1714.4,1714.6,1714.3,1714.4,197
2019-01-08 15:21:00+01:00,1714.4,1714.6,1714.4,1714.5,108
2019-01-08 15:22:00+01:00,1714.5,1714.7,1714.5,1714.6,152
2019-01-08 15:23:00+01:00,1714.6,1714.7,1714.3,1714.3,118
2019-01-08 15:24:00+01:00,1714.4,1714.6,1714.3,1714.4,146
2019-01-08 15:25:00+01:00,1714.4,1714.5,1714.3,1714.4,166
2019-01-08 15:26:00+01:00,1714.4,1714.4,1714.1,1714.1,82
2019-01-08 15:27:00+01:00,1714.1,1714.2,1713.9,1714.1,298
2019-01-08 15:28:00+01:00,1714.1,1714.3,1714.1,1714.2,137
2019-01-08 15:29:00+01:00,1714.1,1714.1,1713.9,1714.0,113
2019-01-08 15:30:00+01:00,1714.0,1714.2,1714.0,1714.0,143
2019-01-08 15:31:00+01:00,1714.1,1714.1,1713.9,1713.9,122
2019-01-08 15:32:00+01:00,1714.0,1714.5,1713.9,1714.5,292
2019-01-08 15:33:00+01:00,1714.4,1714.6,1714.4,1714.4,182
2019-01-08 15:34:00+01:00,1714.4,1714.5,1714.1,1714.1,181
2019-01-08 15:35:00+01:00,1714.0,1714.1,1713.8,1713.9,204
2019-01-08 15:36:00+01:00,1713.9,1714.6,1713.9,1714.3,245
2019-01-08 15:37:00+01:00,1714.3,1714.3,1713.9,1713.9,314
2019-01-08 15:38:00+01:00,1713.9,1714.2,1713.9,1713.9,199
2019-01-08 15:39:00+01:00,1713.9,1714.1,1713.9,1714.1,211
2019-01-08 15:40:00+01:00,1714.1,1714.1,1713.8,1713.9,307
2019-01-08 15:41:00+01:00,1713.9,1714.0,1713.5,1713.6,442
2019-01-08 15:42:00+01:00,1713.6,1714.2,1713.6,1714.0,276
2019-01-08 15:43:00+01:00,1714.1,1714.1,1713.8,1714.0,284
2019-01-08 15:44:00+01:00,1714.0,1714.0,1713.7,1713.7,197
2019-01-08 15:45:00+01:00,1713.7,1713.7,1713.2,1713.4,305
2019-01-08 15:46:00+01:00,1713.3,1713.6,1713.1,1713.4,246
2019-01-08 15:47:00+01:00,1713.4,1713.4,1713.3,1713.4,113
2019-01-08 15:48:00+01:00,1713.3,1714.0,1713.3,1713.9,308
2019-01-08 15:49:00+01:00,1713.8,1714.1,1713.8,1714.1,145
2019-01-08 15:50:00+01:00,1714.1,1714.5,1714.1,1714.4,327
2019-01-08 15:51:00+01:00,1714.5,1714.9,1714.3,1714.8,570
2019-01-08 15:52:00+01:00,1714.8,1715.8,1714.8,1715.6,1010
2019-01-08 15:53:00+01:00,1715.6,1715.8,1715.4,1715.8,459
2019-01-08 15:54:00+01:00,1715.8,1716.0,1715.6,1715.8,517
2019-01-08 15:55:00+01:00,1715.8,1716.9,1715.7,1716.8,1402
2019-01-08 15:56:00+01:00,1716.9,1718.2,1716.8,1717.9,2136
2019-01-08 15:57:00+01:00,1717.9,1718.8,1717.6,1718.4,1226
2019-01-08 15:58:00+01:00,1718.4,1718.7,1717.9,1717.9,735
2019-01-08 15:59:00+01:00,1718.0,1718.0,1717.5,1717.8,644
2019-01-08 16:00:00+01:00,1717.8,1717.9,1717.4,1717.5,565
2019-01-08 16:01:00+01:00,1717.6,1718.9,1717.5,1718.8,2198
2019-01-08 16:02:00+01:00,1718.8,1718.8,1718.1,1718.2,1309
2019-01-08 16:03:00+01:00,1718.3,1718.7,1718.1,1718.3,518
2019-01-08 16:04:00+01:00,1718.2,1718.5,1717.9,1718.0,446
2019-01-08 16:05:00+01:00,1718.0,1718.3,1717.7,1717.8,397
2019-01-08 16:06:00+01:00,1717.8,1718.0,1717.7,1717.8,271
2019-01-08 16:07:00+01:00,1717.8,1717.8,1717.2,1717.2,502
2019-01-08 16:08:00+01:00,1717.1,1717.3,1716.7,1716.7,514
2019-01-08 16:09:00+01:00,1716.7,1717.1,1716.7,1716.8,391
2019-01-08 16:10:00+01:00,1716.8,1716.8,1716.2,1716.2,627
2019-01-08 16:11:00+01:00,1716.2,1716.5,1716.2,1716.3,257
2019-01-08 16:12:00+01:00,1716.3,1716.3,1715.9,1716.1,487
2019-01-08 16:13:00+01:00,1716.0,1716.1,1715.6,1715.8,369
2019-01-08 16:14:00+01:00,1715.8,1716.1,1715.1,1715.4,808
2019-01-08 16:15:00+01:00,1715.4,1716.1,1715.4,1716.1,486
2019-01-08 16:16:00+01:00,1716.1,1716.1,1715.3,1715.9,491
2019-01-08 16:17:00+01:00,1716.0,1716.2,1715.8,1716.1,345
2019-01-08 16:18:00+01:00,1716.1,1716.3,1715.8,1716.1,441
2019-01-08 16:19:00+01:00,1716.2,1716.9,1716.1,1716.5,555
2019-01-08 16:20:00+01:00,1716.6,1716.6,1716.3,1716.5,153
2019-01-08 16:21:00+01:00,1716.5,1716.9,1716.4,1716.7,214
2019-01-08 16:22:00+01:00,1716.8,1717.0,1716.6,1716.8,297
2019-01-08 16:23:00+01:00,1716.8,1716.8,1716.5,1716.7,217
2019-01-08 16:24:00+01:00,1716.7,1716.7,1716.3,1716.4,297
2019-01-08 16:25:00+01:00,1716.4,1716.5,1716.2,1716.4,159
2019-01-08 16:26:00+01:00,1716.5,1716.9,1716.5,1716.7,225
2019-01-08 16:27:00+01:00,1716.6,1716.8,1716.6,1716.6,63
2019-01-08 16:28:00+01:00,1716.6,1716.8,1716.5,1716.5,156
2019-01-08 16:29:00+01:00,1716.5,1716.7,1716.4,1716.5,223
2019-01-08 16:30:00+01:00,1716.5,1716.7,1716.5,1716.7,98
2019-01-08 16:31:00+01:00,1716.7,1716.8,1716.6,1716.8,159
2019-01-08 16:32:00+01:00,1716.7,1716.9,1716.7,1716.9,111
2019-01-08 16:33:00+01:00,1717.0,1717.2,1716.9,1717.0,290
2019-01-08 16:34:00+01:00,1716.9,1716.9,1716.6,1716.7,113
2019-01-08 16:35:00+01:00,1716.7,1716.7,1716.4,1716.4,168
2019-01-08 16:36:00+01:00,1716.4,1716.8,1716.3,1716.7,322
2019-01-08 16:37:00+01:00,1716.8,1716.8,1716.4,1716.4,255
2019-01-08 16:38:00+01:00,1716.5,1716.6,1716.4,1716.4,177
2019-01-08 16:39:00+01:00,1716.4,1716.7,1716.3,1716.6,314
2019-01-08 16:40:00+01:00,1716.7,1716.8,1716.6,1716.6,182
2019-01-08 16:41:00+01:00,1716.7,1716.7,1716.4,1716.5,110
2019-01-08 16:42:00+01:00,1716.6,1716.8,1716.4,1716.8,204
2019-01-08 16:43:00+01:00,1716.8,1717.0,1716.6,1717.0,150
2019-01-08 16:44:00+01:00,1716.9,1717.1,1716.9,1717.0,133
2019-01-08 16:45:00+01:00,1717.1,1717.6,1716.9,1717.6,511
2019-01-08 16:46:00+01:00,1717.6,1718.0,1717.4,1717.4,725
2019-01-08 16:47:00+01:00,1717.5,1717.6,1717.3,1717.5,159
2019-01-08 16:48:00+01:00,1717.4,1717.5,1717.3,1717.4,122
2019-01-08 16:49:00+01:00,1717.4,1717.5,1717.3,1717.5,117
2019-01-08 16:50:00+01:00,1717.4,1717.5,1717.0,1717.1,251
2019-01-08 16:51:00+01:00,1717.2,1717.5,1717.1,1717.4,216
2019-01-08 16:52:00+01:00,1717.3,1717.9,1717.1,1717.4,491
2019-01-08 16:53:00+01:00,1717.4,1717.5,1717.2,1717.4,166
2019-01-08 16:54:00+01:00,1717.3,1717.5,1717.2,1717.5,124
2019-01-08 16:55:00+01:00,1717.5,1717.6,1717.4,1717.6,114
2019-01-08 16:56:00+01:00,1717.6,1717.7,1717.5,1717.5,129
2019-01-08 16:57:00+01:00,1717.4,1717.6,1717.4,1717.6,207
2019-01-08 16:58:00+01:00,1717.6,1717.7,1717.1,1717.5,306
2019-01-08 16:59:00+01:00,1717.4,1717.8,1717.4,1717.7,280
2019-01-08 17:00:00+01:00,1717.6,1718.0,1717.6,1717.7,354
2019-01-08 17:01:00+01:00,1717.7,1717.8,1717.4,1717.4,265
2019-01-08 17:02:00+01:00,1717.4,1717.5,1717.4,1717.5,162
2019-01-08 17:03:00+01:00,1717.5,1717.7,1717.5,1717.5,260
2019-01-08 17:04:00+01:00,1717.4,1717.6,1717.2,1717.2,129
2019-01-08 17:05:00+01:00,1717.2,1717.3,1717.1,1717.2,145
2019-01-08 17:06:00+01:00,1717.3,1717.5,1717.2,1717.3,191
2019-01-08 17:07:00+01:00,1717.3,1717.3,1717.0,1717.1,165
2019-01-08 17:08:00+01:00,1717.1,1717.2,1716.8,1716.9,124
2019-01-08 17:09:00+01:00,1716.9,1716.9,1716.8,1716.9,173
2019-01-08 17:10:00+01:00,1716.8,1717.0,1716.8,1716.8,107
2019-01-08 17:11:00+01:00,1716.7,1716.9,1716.5,1716.5,218
2019-01-08 17:12:00+01:00,1716.6,1717.2,1716.5,1717.2,179
2019-01-08 17:13:00+01:00,1717.2,1717.3,1717.0,1717.1,235
2019-01-08 17:14:00+01:00,1717.2,1717.2,1716.9,1717.0,140
2019-01-08 17:15:00+01:00,1717.0,1717.1,1716.8,1717.0,187
2019-01-08 17:16:00+01:00,1717.1,1717.1,1716.8,1716.8,153
2019-01-08 17:17:00+01:00,1716.8,1717.0,1716.8,1716.9,141
2019-01-08 17:18:00+01:00,1716.9,1716.9,1716.6,1716.7,153
2019-01-08 17:19:00+01:00,1716.7,1717.1,1716.6,1717.1,181
2019-01-08 17:20:00+01:00,1717.1,1717.1,1716.7,1717.0,235
2019-01-08 17:21:00+01:00,1717.0,1717.0,1716.6,1716.9,195
2019-01-08 17:22:00+01:00,1716.9,1717.1,1716.8,1716.8,159
2019-01-08 17:23:00+01:00,1716.8,1717.0,1716.8,1716.8,142
2019-01-08 17:24:00+01:00,1716.9,1716.9,1716.7,1716.7,125
2019-01-08 17:25:00+01:00,1716.7,1716.8,1716.5,1716.8,112
2019-01-08 17:26:00+01:00,1716.8,1716.9,1716.7,1716.8,90
2019-01-08 17:27:00+01:00,1716.8,1717.0,1716.8,1717.0,113
2019-01-08 17:28:00+01:00,1717.0,1717.0,1716.8,1717.0,123
2019-01-08 17:29:00+01:00,1717.0,1717.0,1717.0,1717.0,61
2019-01-08 17:30:00+01:00,1717.0,1717.0,1716.9,1717.0,24
2019-01-08 17:31:00+01:00,1717.1,1717.2,1716.9,1717.1,200
2019-01-08 17:32:00+01:00,1717.2,1717.8,1717.1,1717.7,411
2019-01-08 17:33:00+01:00,1717.6,1717.8,1717.4,1717.4,275
2019-01-08 17:34:00+01:00,1717.4,1717.7,1717.3,1717.5,120
2019-01-08 17:35:00+01:00,1717.5,1717.7,1717.4,1717.6,103
2019-01-08 17:36:00+01:00,1717.6,1717.7,1717.2,1717.2,254
2019-01-08 17:37:00+01:00,1717.2,1717.5,1717.2,1717.5,161
2019-01-08 17:38:00+01:00,1717.4,1717.7,1717.4,1717.4,201
2019-01-08 17:39:00+01:00,1717.4,1717.4,1717.0,1717.1,176
2019-01-08 17:40:00+01:00,1717.1,1717.4,1717.1,1717.3,93
2019-01-08 17:41:00+01:00,1717.2,1717.2,1717.1,1717.1,100
2019-01-08 17:42:00+01:00,1717.1,1717.4,1717.1,1717.3,75
2019-01-08 17:43:00+01:00,1717.3,1717.4,1717.3,1717.4,73
2019-01-08 17:44:00+01:00,1717.4,1717.4,1717.2,1717.2,126
2019-01-08 17:45:00+01:00,1717.2,1717.3,1717.1,1717.1,68
2019-01-08 17:46:00+01:00,1717.2,1717.2,1716.9,1716.9,140
2019-01-08 17:47:00+01:00,1716.9,1717.0,1716.8,1716.9,97
2019-01-08 17:48:00+01:00,1716.8,1717.0,1716.6,1716.7,97
2019-01-08 17:49:00+01:00,1716.6,1716.9,1716.6,1716.8,107
2019-01-08 17:50:00+01:00,1716.9,1717.1,1716.9,1717.1,104
2019-01-08 17:51:00+01:00,1717.0,1717.1,1717.0,1717.1,73
2019-01-08 17:52:00+01:00,1717.1,1717.3,1717.1,1717.2,76
2019-01-08 17:53:00+01:00,1717.2,1717.4,1717.1,1717.4,97
2019-01-08 17:54:00+01:00,1717.4,1717.4,1717.1,1717.2,82
2019-01-08 17:55:00+01:00,1717.2,1717.4,1717.2,1717.4,48
2019-01-08 17:56:00+01:00,1717.3,1717.3,1717.0,1717.2,46
2019-01-08 17:57:00+01:00,1717.1,1717.3,1717.0,1717.2,82
2019-01-08 17:58:00+01:00,1717.1,1717.2,1716.6,1716.7,178
2019-01-08 17:59:00+01:00,1716.7,1716.9,1716.7,1716.8,61
2019-01-08 18:00:00+01:00,1716.9,1717.1,1716.9,1717.1,62
2019-01-08 18:01:00+01:00,1717.0,1717.3,1717.0,1717.2,94
2019-01-08 18:02:00+01:00,1717.2,1717.4,1717.2,1717.2,113
2019-01-08 18:03:00+01:00,1717.3,1717.3,1716.9,1716.9,95
2019-01-08 18:04:00+01:00,1716.8,1717.1,1716.8,1717.1,132
2019-01-08 18:05:00+01:00,1717.1,1717.3,1717.0,1717.1,52
2019-01-08 18:06:00+01:00,1717.2,1717.4,1717.2,1717.3,106
2019-01-08 18:07:00+01:00,1717.2,1717.4,1717.2,1717.2,95
2019-01-08 18:08:00+01:00,1717.2,1717.3,1716.9,1716.9,97
2019-01-08 18:09:00+01:00,1716.9,1717.1,1716.9,1717.1,108
2019-01-08 18:10:00+01:00,1717.1,1717.1,1717.0,1717.0,33
2019-01-08 18:11:00+01:00,1717.0,1717.2,1717.0,1717.0,84
2019-01-08 18:12:00+01:00,1717.1,1717.1,1717.1,1717.1,41
2019-01-08 18:13:00+01:00,1717.1,1717.3,1717.1,1717.3,99
2019-01-08 18:14:00+01:00,1717.3,1717.3,1717.1,1717.1,41
2019-01-08 18:15:00+01:00,1717.1,1717.1,1716.9,1717.0,58
2019-01-08 18:16:00+01:00,1717.1,1717.3,1717.0,1717.2,91
2019-01-08 18:17:00+01:00,1717.2,1717.2,1716.9,1716.9,137
2019-01-08 18:18:00+01:00,1717.0,1717.1,1716.9,1717.0,23
2019-01-08 18:19:00+01:00,1717.0,1717.1,1716.5,1716.6,297
2019-01-08 18:20:00+01:00,1716.7,1716.9,1716.7,1716.8,52
2019-01-08 18:21:00+01:00,1716.8,1717.1,1716.8,1717.0,137
2019-01-08 18:22:00+01:00,1717.1,1717.2,1716.9,1716.9,59
2019-01-08 18:23:00+01:00,1717.0,1717.2,1717.0,1717.2,60
2019-01-08 18:24:00+01:00,1717.2,1717.4,1717.2,1717.4,122
2019-01-08 18:25:00+01:00,1717.4,1717.4,1717.0,1717.1,75
2019-01-08 18:26:00+01:00,1717.1,1717.1,1717.1,1717.1,50
2019-01-08 18:27:00+01:00,1717.1,1717.2,1717.0,1717.0,73
2019-01-08 18:28:00+01:00,1717.1,1717.2,1717.0,1717.1,69
2019-01-08 18:29:00+01:00,1717.1,1717.2,1717.1,1717.1,50
2019-01-08 18:30:00+01:00,1717.1,1717.2,1717.1,1717.2,51
2019-01-08 18:31:00+01:00,1717.3,1717.7,1717.2,1717.6,146
2019-01-08 18:32:00+01:00,1717.6,1717.7,1717.6,1717.7,116
2019-01-08 18:33:00+01:00,1717.6,1717.8,1717.6,1717.8,80
2019-01-08 18:34:00+01:00,1717.8,1718.0,1717.7,1717.9,176
2019-01-08 18:35:00+01:00,1717.9,1718.2,1717.9,1718.2,197
2019-01-08 18:36:00+01:00,1718.2,1718.6,1718.2,1718.6,462
2019-01-08 18:37:00+01:00,1718.6,1720.0,1718.5,1719.2,2005
2019-01-08 18:38:00+01:00,1719.2,1719.4,1719.0,1719.0,292
2019-01-08 18:39:00+01:00,1719.1,1719.2,1718.9,1718.9,222
2019-01-08 18:40:00+01:00,1718.9,1719.1,1718.8,1719.1,234
2019-01-08 18:41:00+01:00,1719.0,1719.1,1718.9,1719.0,175
2019-01-08 18:42:00+01:00,1718.9,1719.1,1718.9,1718.9,165
2019-01-08 18:43:00+01:00,1718.9,1719.1,1718.6,1718.7,179
2019-01-08 18:44:00+01:00,1718.7,1719.1,1718.7,1718.9,260
2019-01-08 18:45:00+01:00,1718.9,1719.0,1718.7,1719.0,168
2019-01-08 18:46:00+01:00,1719.0,1719.1,1718.8,1718.8,174
2019-01-08 18:47:00+01:00,1718.7,1719.0,1718.6,1718.9,133
2019-01-08 18:48:00+01:00,1718.9,1719.0,1718.8,1719.0,176
2019-01-08 18:49:00+01:00,1719.0,1719.5,1719.0,1719.5,293
2019-01-08 18:50:00+01:00,1719.4,1719.6,1719.2,1719.4,316
2019-01-08 18:51:00+01:00,1719.4,1719.5,1719.1,1719.3,222
2019-01-08 18:52:00+01:00,1719.2,1719.7,1719.2,1719.6,380
2019-01-08 18:53:00+01:00,1719.6,1719.6,1719.2,1719.2,121
2019-01-08 18:54:00+01:00,1719.2,1719.7,1719.2,1719.4,200
2019-01-08 18:55:00+01:00,1719.3,1719.3,1719.0,1719.1,170
2019-01-08 18:56:00+01:00,1719.1,1719.3,1719.0,1719.0,129
2019-01-08 18:57:00+01:00,1719.0,1719.2,1719.0,1719.1,92
2019-01-08 18:58:00+01:00,1719.1,1719.4,1719.1,1719.1,133
2019-01-08 18:59:00+01:00,1719.2,1719.3,1718.9,1719.1,121
2019-01-08 19:00:00+01:00,1719.0,1719.3,1719.0,1719.1,153
2019-01-08 19:01:00+01:00,1719.0,1719.3,1719.0,1719.2,95
2019-01-08 19:02:00+01:00,1719.2,1719.5,1719.1,1719.1,161
2019-01-08 19:03:00+01:00,1719.1,1719.1,1718.7,1718.8,201
2019-01-08 19:04:00+01:00,1718.7,1719.0,1718.6,1718.7,188
2019-01-08 19:05:00+01:00,1718.8,1718.8,1718.6,1718.7,94
2019-01-08 19:06:00+01:00,1718.7,1719.0,1718.7,1718.7,187
2019-01-08 19:07:00+01:00,1718.7,1718.7,1718.6,1718.6,128
2019-01-08 19:08:00+01:00,1718.6,1718.7,1718.5,1718.6,111
2019-01-08 19:09:00+01:00,1718.6,1718.7,1718.5,1718.7,42
2019-01-08 19:10:00+01:00,1718.7,1718.8,1718.5,1718.6,116
2019-01-08 19:11:00+01:00,1718.6,1718.8,1718.5,1718.7,163
2019-01-08 19:12:00+01:00,1718.7,1718.7,1718.4,1718.6,94
2019-01-08 19:13:00+01:00,1718.5,1718.7,1718.4,1718.5,125
2019-01-08 19:14:00+01:00,1718.5,1718.6,1718.4,1718.5,81
2019-01-08 19:15:00+01:00,1718.4,1718.6,1718.4,1718.5,78
2019-01-08 19:16:00+01:00,1718.5,1718.6,1718.3,1718.4,171
2019-01-08 19:17:00+01:00,1718.3,1718.4,1718.0,1718.2,241
2019-01-08 19:18:00+01:00,1718.2,1718.3,1718.1,1718.2,103
2019-01-08 19:19:00+01:00,1718.2,1718.4,1718.2,1718.3,110
2019-01-08 19:20:00+01:00,1718.3,1718.3,1718.0,1718.0,155
2019-01-08 19:21:00+01:00,1718.0,1718.1,1717.8,1717.8,185
2019-01-08 19:22:00+01:00,1717.7,1718.0,1717.7,1718.0,212
2019-01-08 19:23:00+01:00,1717.9,1717.9,1717.3,1717.3,292
2019-01-08 19:24:00+01:00,1717.2,1717.7,1717.2,1717.5,245
2019-01-08 19:25:00+01:00,1717.4,1717.8,1717.3,1717.7,179
2019-01-08 19:26:00+01:00,1717.7,1717.8,1717.6,1717.7,179
2019-01-08 19:27:00+01:00,1717.6,1717.6,1717.3,1717.3,252
2019-01-08 19:28:00+01:00,1717.3,1717.4,1717.2,1717.2,205
2019-01-08 19:29:00+01:00,1717.2,1717.7,1717.1,1717.7,302
2019-01-08 19:30:00+01:00,1717.7,1717.8,1717.2,1717.5,1324
2019-01-08 19:31:00+01:00,1717.6,1717.6,1717.4,1717.6,162
2019-01-08 19:32:00+01:00,1717.5,1717.6,1717.5,1717.5,34
2019-01-08 19:33:00+01:00,1717.5,1717.6,1717.4,1717.4,98
2019-01-08 19:34:00+01:00,1717.5,1717.6,1717.4,1717.6,70
2019-01-08 19:35:00+01:00,1717.7,1717.8,1717.6,1717.7,46
2019-01-08 19:36:00+01:00,1717.7,1717.7,1717.4,1717.5,118
2019-01-08 19:37:00+01:00,1717.5,1717.5,1717.4,1717.4,49
2019-01-08 19:38:00+01:00,1717.5,1717.6,1717.4,1717.5,56
2019-01-08 19:39:00+01:00,1717.5,1717.6,1717.5,1717.6,46
2019-01-08 19:40:00+01:00,1717.7,1717.9,1717.7,1717.9,112
2019-01-08 19:41:00+01:00,1717.9,1718.0,1717.8,1717.9,108
2019-01-08 19:42:00+01:00,1717.9,1718.0,1717.9,1717.9,18
2019-01-08 19:43:00+01:00,1718.0,1718.0,1717.9,1717.9,44
2019-01-08 19:44:00+01:00,1717.9,1718.2,1717.9,1718.2,56
2019-01-08 19:45:00+01:00,1718.1,1718.2,1718.1,1718.2,77
2019-01-08 19:46:00+01:00,1718.3,1718.3,1718.2,1718.2,70
2019-01-08 19:47:00+01:00,1718.2,1718.3,1718.1,1718.2,58
2019-01-08 19:48:00+01:00,1718.2,1718.2,1718.1,1718.1,75
2019-01-08 19:49:00+01:00,1718.1,1718.1,1718.1,1718.1,3
2019-01-08 19:50:00+01:00,1718.2,1718.2,1718.0,1718.0,19
2019-01-08 19:51:00+01:00,1718.1,1718.2,1718.0,1718.2,31
2019-01-08 19:52:00+01:00,1718.2,1718.2,1718.0,1718.0,60
2019-01-08 19:53:00+01:00,1718.0,1718.0,1717.7,1717.8,67
2019-01-08 19:54:00+01:00,1717.7,1717.9,1717.7,1717.8,32
2019-01-08 19:55:00+01:00,1717.8,1717.8,1717.5,1717.5,150
2019-01-08 19:56:00+01:00,1717.5,1717.6,1717.4,1717.6,34
2019-01-08 19:57:00+01:00,1717.6,1717.8,1717.6,1717.7,31
2019-01-08 19:58:00+01:00,1717.8,1717.9,1717.6,1717.7,126
2019-01-08 19:59:00+01:00,1717.6,1717.6,1717.5,1717.5,30
2019-01-08 20:00:00+01:00,1717.6,1717.6,1717.6,1717.6,29
2019-01-08 20:01:00+01:00,1717.6,1717.6,1717.3,1717.6,116
2019-01-08 20:02:00+01:00,1717.5,1717.6,1717.5,1717.6,11
2019-01-08 20:03:00+01:00,1717.5,1717.5,1717.4,1717.4,63
2019-01-08 20:04:00+01:00,1717.4,1717.4,1717.3,1717.3,27
2019-01-08 20:05:00+01:00,1717.4,1717.8,1717.4,1717.7,94
2019-01-08 20:06:00+01:00,1717.8,1717.8,1717.6,1717.6,42
2019-01-08 20:07:00+01:00,1717.6,1717.6,1717.6,1717.6,12
2019-01-08 20:08:00+01:00,1717.6,1717.7,1717.6,1717.6,14
2019-01-08 20:09:00+01:00,1717.6,1717.7,1717.6,1717.6,50
2019-01-08 20:10:00+01:00,1717.5,1717.6,1717.5,1717.5,22
2019-01-08 20:11:00+01:00,1717.5,1717.5,1717.3,1717.3,54
2019-01-08 20:12:00+01:00,1717.3,1717.4,1717.2,1717.3,81
2019-01-08 20:13:00+01:00,1717.2,1717.3,1717.1,1717.2,40
2019-01-08 20:14:00+01:00,1717.1,1717.3,1717.1,1717.3,36
2019-01-08 20:15:00+01:00,1717.2,1717.3,1717.2,1717.2,27
2019-01-08 20:16:00+01:00,1717.2,1717.2,1717.1,1717.1,29
2019-01-08 20:17:00+01:00,1717.2,1717.3,1717.1,1717.1,53
2019-01-08 20:18:00+01:00,1717.1,1717.1,1717.0,1717.0,36
2019-01-08 20:19:00+01:00,1716.9,1716.9,1716.8,1716.9,72
2019-01-08 20:20:00+01:00,1716.8,1716.9,1716.8,1716.8,18
2019-01-08 20:21:00+01:00,1716.8,1717.0,1716.8,1717.0,58
2019-01-08 20:22:00+01:00,1717.0,1717.1,1717.0,1717.0,33
2019-01-08 20:23:00+01:00,1717.1,1717.3,1717.1,1717.2,83
2019-01-08 20:24:00+01:00,1717.3,1717.3,1717.2,1717.3,22
2019-01-08 20:25:00+01:00,1717.3,1717.3,1717.2,1717.3,34
2019-01-08 20:26:00+01:00,1717.3,1717.3,1717.1,1717.1,17
2019-01-08 20:27:00+01:00,1717.0,1717.1,1716.9,1717.1,41
2019-01-08 20:28:00+01:00,1717.1,1717.2,1717.1,1717.2,15
2019-01-08 20:29:00+01:00,1717.1,1717.1,1717.0,1717.1,17
2019-01-08 20:30:00+01:00,1717.0,1717.1,1717.0,1717.0,18
2019-01-08 20:31:00+01:00,1717.0,1717.2,1717.0,1717.1,47
2019-01-08 20:32:00+01:00,1717.1,1717.2,1717.1,1717.2,13
2019-01-08 20:33:00+01:00,1717.3,1717.4,1717.3,1717.3,36
2019-01-08 20:34:00+01:00,1717.3,1717.6,1717.3,1717.5,108
2019-01-08 20:35:00+01:00,1717.4,1717.5,1717.3,1717.5,15
2019-01-08 20:36:00+01:00,1717.5,1717.5,1717.5,1717.5,13
2019-01-08 20:37:00+01:00,1717.6,1717.6,1717.6,1717.6,31
2019-01-08 20:38:00+01:00,1717.5,1717.6,1717.5,1717.6,42
2019-01-08 20:39:00+01:00,1717.6,1717.7,1717.6,1717.7,11
2019-01-08 20:40:00+01:00,1717.7,1717.7,1717.7,1717.7,3
2019-01-08 20:41:00+01:00,1717.7,1717.8,1717.6,1717.8,52
2019-01-08 20:42:00+01:00,1717.8,1717.8,1717.7,1717.8,5
2019-01-08 20:43:00+01:00,1717.8,1717.9,1717.7,1717.8,164
2019-01-08 20:44:00+01:00,1717.9,1717.9,1717.8,1717.8,125
2019-01-08 20:45:00+01:00,1717.7,1717.8,1717.7,1717.8,11
2019-01-08 20:46:00+01:00,1717.8,1717.8,1717.8,1717.8,40
2019-01-08 20:47:00+01:00,1717.8,1718.0,1717.8,1718.0,42
2019-01-08 20:48:00+01:00,1718.0,1718.0,1717.9,1717.9,26
2019-01-08 20:49:00+01:00,1717.9,1717.9,1717.6,1717.6,74
2019-01-08 20:50:00+01:00,1717.6,1717.7,1717.6,1717.7,76
2019-01-08 20:51:00+01:00,1717.7,1717.7,1717.6,1717.7,5
2019-01-08 20:52:00+01:00,1717.6,1717.6,1717.6,1717.6,5
2019-01-08 20:53:00+01:00,1717.6,1717.6,1717.6,1717.6,25
2019-01-08 20:54:00+01:00,1717.6,1717.6,1717.6,1717.6,27
2019-01-08 20:55:00+01:00,1717.6,1717.7,1717.6,1717.6,40
2019-01-08 20:56:00+01:00,1717.7,1717.8,1717.7,1717.7,123
2019-01-08 20:57:00+01:00,1717.8,1717.8,1717.7,1717.7,13
2019-01-08 20:58:00+01:00,1717.8,1717.9,1717.8,1717.8,41
2019-01-08 20:59:00+01:00,1717.7,1717.7,1717.7,1717.7,4
2019-01-08 21:00:00+01:00,1717.7,1717.9,1717.7,1717.8,50
2019-01-08 21:01:00+01:00,1717.7,1717.8,1717.6,1717.6,49
2019-01-08 21:02:00+01:00,1717.6,1717.6,1717.5,1717.6,13
2019-01-08 21:03:00+01:00,1717.6,1717.7,1717.6,1717.7,21
2019-01-08 21:04:00+01:00,1717.7,1717.7,1717.5,1717.5,18
2019-01-08 21:05:00+01:00,1717.5,1717.6,1717.5,1717.5,7
2019-01-08 21:06:00+01:00,1717.5,1717.6,1717.5,1717.6,27
2019-01-08 21:07:00+01:00,1717.5,1717.5,1717.3,1717.3,30
2019-01-08 21:08:00+01:00,1717.3,1717.5,1717.3,1717.4,20
2019-01-08 21:09:00+01:00,1717.4,1717.4,1717.3,1717.3,33
2019-01-08 21:10:00+01:00,1717.3,1717.3,1717.3,1717.3,2
2019-01-08 21:11:00+01:00,1717.3,1717.3,1717.3,1717.3,1
2019-01-08 21:12:00+01:00,1717.3,1717.3,1717.2,1717.2,46
2019-01-08 21:13:00+01:00,1717.3,1717.3,1717.0,1717.0,21
2019-01-08 21:14:00+01:00,1717.0,1717.0,1717.0,1717.0,53
2019-01-08 21:15:00+01:00,1717.0,1717.1,1717.0,1717.0,33
2019-01-08 21:16:00+01:00,1717.0,1717.2,1717.0,1717.2,23
2019-01-08 21:17:00+01:00,1717.1,1717.1,1717.1,1717.1,5
2019-01-08 21:18:00+01:00,1717.1,1717.4,1717.1,1717.1,101
2019-01-08 21:19:00+01:00,1717.2,1717.3,1717.1,1717.2,23
2019-01-08 21:20:00+01:00,1717.3,1717.4,1717.2,1717.4,37
2019-01-08 21:21:00+01:00,1717.3,1717.4,1717.1,1717.2,29
2019-01-08 21:22:00+01:00,1717.2,1717.2,1717.1,1717.1,40
2019-01-08 21:23:00+01:00,1717.2,1717.2,1717.1,1717.1,6
2019-01-08 21:24:00+01:00,1717.1,1717.1,1717.0,1717.0,27
2019-01-08 21:25:00+01:00,1717.0,1717.1,1717.0,1717.1,13
2019-01-08 21:27:00+01:00,1717.1,1717.1,1717.1,1717.1,18
2019-01-08 21:28:00+01:00,1717.1,1717.1,1717.1,1717.1,20
2019-01-08 21:29:00+01:00,1717.0,1717.1,1717.0,1717.1,2
2019-01-08 21:30:00+01:00,1717.1,1717.1,1717.1,1717.1,5
2019-01-08 21:31:00+01:00,1717.1,1717.2,1717.0,1717.2,43
2019-01-08 21:32:00+01:00,1717.3,1717.3,1717.2,1717.3,44
2019-01-08 21:33:00+01:00,1717.3,1717.4,1717.3,1717.3,11
2019-01-08 21:34:00+01:00,1717.3,1717.3,1717.1,1717.2,25
2019-01-08 21:35:00+01:00,1717.3,1717.3,1717.2,1717.2,20
2019-01-08 21:36:00+01:00,1717.2,1717.2,1717.2,1717.2,3
2019-01-08 21:37:00+01:00,1717.1,1717.2,1717.1,1717.2,24
2019-01-08 21:38:00+01:00,1717.2,1717.2,1717.2,1717.2,14
2019-01-08 21:39:00+01:00,1717.3,1717.3,1717.2,1717.2,25
2019-01-08 21:40:00+01:00,1717.2,1717.2,1717.0,1717.0,48
2019-01-08 21:41:00+01:00,1717.0,1717.4,1716.9,1717.3,51
2019-01-08 21:42:00+01:00,1717.4,1717.5,1717.3,1717.4,38
2019-01-08 21:43:00+01:00,1717.5,1717.6,1717.4,1717.6,56
2019-01-08 21:44:00+01:00,1717.5,1717.6,1717.4,1717.5,72
2019-01-08 21:45:00+01:00,1717.5,1717.5,1717.0,1717.0,103
2019-01-08 21:46:00+01:00,1717.1,1717.3,1717.0,1717.3,47
2019-01-08 21:47:00+01:00,1717.3,1717.4,1717.2,1717.4,25
2019-01-08 21:48:00+01:00,1717.3,1717.5,1717.2,1717.4,64
2019-01-08 21:49:00+01:00,1717.4,1717.5,1717.3,1717.5,75
2019-01-08 21:50:00+01:00,1717.4,1717.6,1717.4,1717.5,42
2019-01-08 21:51:00+01:00,1717.6,1717.6,1717.5,1717.6,53
2019-01-08 21:52:00+01:00,1717.6,1717.6,1717.5,1717.6,31
2019-01-08 21:53:00+01:00,1717.6,1717.6,1717.4,1717.6,72
2019-01-08 21:54:00+01:00,1717.6,1717.9,1717.6,1717.9,165
2019-01-08 21:55:00+01:00,1717.9,1717.9,1717.5,1717.6,159
2019-01-08 21:56:00+01:00,1717.7,1717.8,1717.6,1717.8,90
2019-01-08 21:57:00+01:00,1717.8,1717.9,1717.8,1717.9,34
2019-01-08 21:58:00+01:00,1717.9,1717.9,1717.8,1717.9,49
2019-01-08 21:59:00+01:00,1717.9,1718.0,1717.8,1718.0,78
2019-01-08 22:00:00+01:00,1718.0,1718.0,1717.9,1717.9,82
2019-01-08 22:01:00+01:00,1717.9,1718.2,1717.9,1718.1,121
2019-01-08 22:02:00+01:00,1718.0,1718.1,1717.8,1717.9,142
2019-01-08 22:03:00+01:00,1717.9,1718.3,1717.9,1718.0,184
2019-01-08 22:04:00+01:00,1717.9,1718.0,1717.9,1718.0,3
2019-01-08 22:05:00+01:00,1717.9,1718.0,1717.8,1717.8,18
2019-01-08 22:06:00+01:00,1717.8,1717.9,1717.8,1717.8,11
2019-01-08 22:07:00+01:00,1717.8,1717.9,1717.8,1717.9,22
2019-01-08 22:08:00+01:00,1717.8,1717.8,1717.8,1717.8,3
2019-01-08 22:09:00+01:00,1717.8,1717.9,1717.8,1717.8,4
2019-01-08 22:10:00+01:00,1717.8,1717.8,1717.8,1717.8,5
2019-01-08 22:11:00+01:00,1717.9,1717.9,1717.8,1717.8,9
2019-01-08 22:12:00+01:00,1717.9,1717.9,1717.8,1717.8,34
2019-01-08 22:13:00+01:00,1717.9,1717.9,1717.8,1717.8,7
2019-01-08 22:14:00+01:00,1717.8,1717.8,1717.8,1717.8,7
2019-01-08 22:15:00+01:00,1717.9,1717.9,1717.9,1717.9,14
2019-01-08 22:16:00+01:00,1717.9,1717.9,1717.9,1717.9,3
2019-01-08 22:17:00+01:00,1717.9,1717.9,1717.7,1717.8,37
2019-01-08 22:18:00+01:00,1717.7,1717.8,1717.7,1717.7,16
2019-01-08 22:19:00+01:00,1717.8,1717.8,1717.8,1717.8,2
2019-01-08 22:20:00+01:00,1717.8,1717.8,1717.8,1717.8,3
2019-01-08 22:21:00+01:00,1717.7,1717.8,1717.7,1717.8,27
2019-01-08 22:23:00+01:00,1717.8,1717.8,1717.7,1717.7,21
2019-01-08 22:24:00+01:00,1717.7,1717.7,1717.7,1717.7,1
2019-01-08 22:25:00+01:00,1717.7,1717.8,1717.7,1717.8,10
2019-01-08 22:26:00+01:00,1717.8,1717.9,1717.8,1717.8,8
2019-01-08 22:27:00+01:00,1717.8,1717.8,1717.7,1717.7,17
2019-01-08 22:28:00+01:00,1717.8,1717.9,1717.7,1717.7,15
2019-01-08 22:29:00+01:00,1717.8,1717.9,1717.7,1717.9,12
2019-01-08 22:30:00+01:00,1717.8,1717.8,1717.7,1717.8,13
2019-01-08 22:31:00+01:00,1717.7,1717.9,1717.6,1717.8,82
2019-01-08 22:32:00+01:00,1717.9,1717.9,1717.7,1717.8,8
2019-01-08 22:33:00+01:00,1717.7,1717.8,1717.7,1717.8,16
2019-01-08 22:34:00+01:00,1717.8,1717.8,1717.7,1717.7,9
2019-01-08 22:35:00+01:00,1717.7,1717.8,1717.7,1717.7,6
2019-01-08 22:36:00+01:00,1717.8,1717.8,1717.7,1717.7,9
2019-01-08 22:37:00+01:00,1717.7,1717.8,1717.7,1717.7,5
2019-01-08 22:38:00+01:00,1717.8,1717.8,1717.7,1717.7,10
2019-01-08 22:39:00+01:00,1717.7,1717.7,1717.7,1717.7,1
2019-01-08 22:40:00+01:00,1717.7,1717.8,1717.7,1717.7,47
2019-01-08 22:41:00+01:00,1717.6,1717.8,1717.6,1717.8,19
2019-01-08 22:42:00+01:00,1717.8,1717.8,1717.8,1717.8,9
2019-01-08 22:43:00+01:00,1717.7,1717.8,1717.7,1717.8,13
2019-01-08 22:44:00+01:00,1717.7,1717.8,1717.7,1717.8,4
2019-01-08 22:45:00+01:00,1717.7,1717.7,1717.7,1717.7,16
2019-01-08 22:46:00+01:00,1717.7,1717.8,1717.7,1717.8,44
2019-01-08 22:47:00+01:00,1717.8,1717.8,1717.8,1717.8,2
2019-01-08 22:48:00+01:00,1717.8,1717.8,1717.8,1717.8,11
2019-01-08 22:49:00+01:00,1717.9,1717.9,1717.8,1717.9,4
2019-01-08 22:50:00+01:00,1717.8,1717.9,1717.8,1717.9,14
2019-01-08 22:51:00+01:00,1717.9,1718.0,1717.7,1717.8,79
2019-01-08 22:52:00+01:00,1717.8,1717.9,1717.8,1717.9,10
2019-01-08 22:53:00+01:00,1717.8,1717.8,1717.7,1717.8,13
2019-01-08 22:54:00+01:00,1717.8,1717.8,1717.8,1717.8,1
2019-01-08 22:55:00+01:00,1717.9,1717.9,1717.8,1717.8,13
2019-01-08 22:56:00+01:00,1717.8,1717.9,1717.7,1717.9,17
2019-01-08 22:57:00+01:00,1717.8,1718.0,1717.7,1718.0,35
2019-01-08 22:58:00+01:00,1717.9,1718.0,1717.9,1717.9,16
2019-01-08 22:59:00+01:00,1717.9,1718.0,1717.9,1717.9,23
2019-01-08 23:00:00+01:00,1718.0,1718.0,1717.7,1717.7,39
