timestamp,open,high,low,close,volume
2019-08-22 00:01:00+02:00,1913.5,1914.1,1913.0,1913.9,111
2019-08-22 00:02:00+02:00,1913.9,1913.9,1913.3,1913.3,133
2019-08-22 00:03:00+02:00,1913.3,1913.3,1913.2,1913.3,33
2019-08-22 00:04:00+02:00,1913.4,1913.4,1913.0,1913.2,100
2019-08-22 00:05:00+02:00,1913.1,1913.4,1913.0,1913.1,50
2019-08-22 00:06:00+02:00,1913.1,1913.2,1912.9,1912.9,43
2019-08-22 00:07:00+02:00,1913.0,1913.3,1913.0,1913.2,17
2019-08-22 00:08:00+02:00,1913.2,1913.4,1913.2,1913.3,31
2019-08-22 00:09:00+02:00,1913.3,1913.5,1913.2,1913.2,51
2019-08-22 00:10:00+02:00,1913.3,1913.7,1913.3,1913.5,81
2019-08-22 00:11:00+02:00,1913.6,1913.8,1913.5,1913.8,32
2019-08-22 00:12:00+02:00,1913.8,1914.5,1913.8,1914.4,218
2019-08-22 00:13:00+02:00,1914.4,1914.7,1914.4,1914.6,119
2019-08-22 00:14:00+02:00,1914.6,1914.6,1914.4,1914.5,48
2019-08-22 00:15:00+02:00,1914.6,1915.7,1914.6,1915.3,334
2019-08-22 00:16:00+02:00,1915.2,1915.4,1914.7,1914.8,164
2019-08-22 00:17:00+02:00,1914.7,1914.7,1914.2,1914.3,71
2019-08-22 00:18:00+02:00,1914.3,1914.5,1914.3,1914.3,21
2019-08-22 00:19:00+02:00,1914.3,1914.4,1914.0,1914.2,53
2019-08-22 00:20:00+02:00,1914.1,1914.2,1914.0,1914.0,29
2019-08-22 00:21:00+02:00,1914.0,1914.3,1914.0,1914.3,25
2019-08-22 00:22:00+02:00,1914.4,1914.4,1914.2,1914.3,18
2019-08-22 00:23:00+02:00,1914.2,1914.2,1913.8,1913.8,90
2019-08-22 00:24:00+02:00,1913.9,1914.0,1913.8,1913.8,19
2019-08-22 00:25:00+02:00,1913.9,1914.0,1913.8,1913.9,15
2019-08-22 00:26:00+02:00,1913.9,1914.0,1913.9,1913.9,17
2019-08-22 00:27:00+02:00,1913.9,1914.0,1913.8,1913.8,21
2019-08-22 00:28:00+02:00,1913.9,1913.9,1913.7,1913.7,7
2019-08-22 00:29:00+02:00,1913.8,1913.9,1913.8,1913.9,3
2019-08-22 00:30:00+02:00,1914.0,1914.1,1913.9,1913.9,35
2019-08-22 00:31:00+02:00,1913.8,1914.0,1913.8,1913.8,49
2019-08-22 00:32:00+02:00,1913.9,1914.0,1913.8,1913.8,31
2019-08-22 00:33:00+02:00,1913.8,1913.9,1913.8,1913.8,16
2019-08-22 00:34:00+02:00,1913.9,1913.9,1913.9,1913.9,10
2019-08-22 00:35:00+02:00,1913.9,1913.9,1913.8,1913.9,16
2019-08-22 00:36:00+02:00,1913.8,1913.9,1913.7,1913.7,56
2019-08-22 00:37:00+02:00,1913.8,1913.9,1913.8,1913.8,20
2019-08-22 00:38:00+02:00,1913.8,1913.9,1913.5,1913.6,64
2019-08-22 00:39:00+02:00,1913.6,1913.8,1913.6,1913.7,18
2019-08-22 00:40:00+02:00,1913.6,1913.6,1913.4,1913.4,61
2019-08-22 00:41:00+02:00,1913.4,1913.6,1913.2,1913.2,124
2019-08-22 00:42:00+02:00,1913.2,1913.4,1913.1,1913.2,173
2019-08-22 00:43:00+02:00,1913.2,1913.2,1913.0,1913.2,58
2019-08-22 00:44:00+02:00,1913.1,1913.1,1913.0,1913.0,20
2019-08-22 00:45:00+02:00,1913.0,1913.0,1912.6,1912.8,107
2019-08-22 00:46:00+02:00,1912.7,1913.2,1912.7,1913.1,51
2019-08-22 00:47:00+02:00,1913.1,1913.2,1913.1,1913.2,14
2019-08-22 00:48:00+02:00,1913.2,1913.2,1913.1,1913.2,8
2019-08-22 00:49:00+02:00,1913.2,1913.3,1913.2,1913.2,26
2019-08-22 00:50:00+02:00,1913.2,1913.4,1913.2,1913.3,30
2019-08-22 00:51:00+02:00,1913.3,1913.3,1913.0,1913.0,36
2019-08-22 00:52:00+02:00,1913.0,1913.3,1913.0,1913.2,52
2019-08-22 00:53:00+02:00,1913.1,1913.3,1913.1,1913.3,34
2019-08-22 00:54:00+02:00,1913.2,1913.3,1913.1,1913.1,20
2019-08-22 00:55:00+02:00,1913.1,1913.3,1913.1,1913.2,28
2019-08-22 00:56:00+02:00,1913.2,1913.4,1913.2,1913.3,62
2019-08-22 00:57:00+02:00,1913.2,1913.6,1913.2,1913.6,131
2019-08-22 00:58:00+02:00,1913.6,1913.7,1913.5,1913.6,63
2019-08-22 00:59:00+02:00,1913.6,1913.6,1913.5,1913.5,2
2019-08-22 01:00:00+02:00,1913.6,1913.7,1913.6,1913.7,8
2019-08-22 01:01:00+02:00,1913.6,1913.6,1913.3,1913.3,16
2019-08-22 01:02:00+02:00,1913.3,1913.4,1913.3,1913.3,8
2019-08-22 01:03:00+02:00,1913.3,1913.4,1913.3,1913.3,6
2019-08-22 01:04:00+02:00,1913.3,1913.3,1913.3,1913.3,8
2019-08-22 01:05:00+02:00,1913.3,1913.4,1913.3,1913.3,18
2019-08-22 01:06:00+02:00,1913.3,1913.3,1913.2,1913.2,16
2019-08-22 01:07:00+02:00,1913.2,1913.2,1913.1,1913.1,9
2019-08-22 01:08:00+02:00,1913.1,1913.1,1913.0,1913.0,9
2019-08-22 01:09:00+02:00,1913.1,1913.1,1913.1,1913.1,15
2019-08-22 01:10:00+02:00,1913.1,1913.2,1913.0,1913.1,36
2019-08-22 01:11:00+02:00,1913.1,1913.2,1913.0,1913.2,28
2019-08-22 01:12:00+02:00,1913.2,1913.2,1913.2,1913.2,5
2019-08-22 01:13:00+02:00,1913.2,1913.3,1913.2,1913.3,20
2019-08-22 01:14:00+02:00,1913.3,1913.3,1913.2,1913.3,7
2019-08-22 01:15:00+02:00,1913.3,1913.5,1913.3,1913.5,25
2019-08-22 01:16:00+02:00,1913.5,1913.5,1913.4,1913.5,12
2019-08-22 01:17:00+02:00,1913.5,1913.5,1913.4,1913.4,10
2019-08-22 01:18:00+02:00,1913.4,1913.5,1913.2,1913.3,32
2019-08-22 01:19:00+02:00,1913.2,1913.2,1913.2,1913.2,2
2019-08-22 01:20:00+02:00,1913.3,1913.4,1913.3,1913.4,8
2019-08-22 01:21:00+02:00,1913.4,1913.5,1913.4,1913.4,22
2019-08-22 01:22:00+02:00,1913.4,1913.4,1913.4,1913.4,10
2019-08-22 01:23:00+02:00,1913.5,1913.5,1913.4,1913.4,11
2019-08-22 01:24:00+02:00,1913.4,1913.5,1913.3,1913.3,15
2019-08-22 01:25:00+02:00,1913.3,1913.3,1913.3,1913.3,5
2019-08-22 01:26:00+02:00,1913.2,1913.3,1913.2,1913.2,15
2019-08-22 01:27:00+02:00,1913.2,1913.3,1913.2,1913.2,8
2019-08-22 01:28:00+02:00,1913.3,1913.3,1913.2,1913.2,34
2019-08-22 01:29:00+02:00,1913.2,1913.3,1913.2,1913.2,18
2019-08-22 01:30:00+02:00,1913.2,1913.3,1913.0,1913.0,22
2019-08-22 01:31:00+02:00,1912.9,1913.1,1912.9,1913.1,33
2019-08-22 01:32:00+02:00,1913.2,1913.2,1913.2,1913.2,2
2019-08-22 01:33:00+02:00,1913.2,1913.3,1913.2,1913.2,12
2019-08-22 01:34:00+02:00,1913.2,1913.2,1913.2,1913.2,9
2019-08-22 01:35:00+02:00,1913.2,1913.2,1913.1,1913.2,8
2019-08-22 01:36:00+02:00,1913.2,1913.2,1913.2,1913.2,4
2019-08-22 01:37:00+02:00,1913.2,1913.2,1913.2,1913.2,12
2019-08-22 01:39:00+02:00,1913.1,1913.2,1913.1,1913.2,5
2019-08-22 01:40:00+02:00,1913.1,1913.1,1913.1,1913.1,21
2019-08-22 01:41:00+02:00,1913.1,1913.1,1913.1,1913.1,1
2019-08-22 01:42:00+02:00,1913.1,1913.1,1913.0,1913.0,20
2019-08-22 01:43:00+02:00,1913.0,1913.1,1913.0,1913.0,12
2019-08-22 01:44:00+02:00,1913.0,1913.0,1913.0,1913.0,7
2019-08-22 01:45:00+02:00,1913.0,1913.1,1913.0,1913.1,11
2019-08-22 01:46:00+02:00,1913.1,1913.1,1912.9,1913.0,22
2019-08-22 01:47:00+02:00,1913.0,1913.2,1913.0,1913.2,24
2019-08-22 01:48:00+02:00,1913.1,1913.3,1913.1,1913.2,23
2019-08-22 01:49:00+02:00,1913.3,1913.3,1913.2,1913.2,20
2019-08-22 01:50:00+02:00,1913.2,1913.3,1913.2,1913.3,30
2019-08-22 01:51:00+02:00,1913.3,1913.4,1913.2,1913.3,37
2019-08-22 01:52:00+02:00,1913.4,1913.4,1913.4,1913.4,7
2019-08-22 01:53:00+02:00,1913.4,1913.6,1913.4,1913.6,26
2019-08-22 01:54:00+02:00,1913.6,1913.6,1913.5,1913.5,16
2019-08-22 01:55:00+02:00,1913.5,1913.5,1913.4,1913.4,5
2019-08-22 01:56:00+02:00,1913.3,1913.5,1913.3,1913.5,24
2019-08-22 01:57:00+02:00,1913.5,1913.5,1913.4,1913.4,14
2019-08-22 01:58:00+02:00,1913.4,1913.4,1913.3,1913.4,8
2019-08-22 01:59:00+02:00,1913.4,1913.4,1913.4,1913.4,1
2019-08-22 02:00:00+02:00,1913.4,1913.4,1913.4,1913.4,7
2019-08-22 02:01:00+02:00,1913.5,1913.7,1913.5,1913.6,40
2019-08-22 02:02:00+02:00,1913.7,1913.7,1912.7,1912.8,182
2019-08-22 02:03:00+02:00,1912.8,1913.1,1912.3,1913.1,210
2019-08-22 02:04:00+02:00,1913.1,1913.2,1913.0,1913.2,26
2019-08-22 02:05:00+02:00,1913.1,1913.4,1913.1,1913.3,45
2019-08-22 02:06:00+02:00,1913.3,1913.5,1913.3,1913.5,26
2019-08-22 02:07:00+02:00,1913.5,1913.5,1913.3,1913.4,21
2019-08-22 02:08:00+02:00,1913.4,1913.6,1913.4,1913.5,38
2019-08-22 02:09:00+02:00,1913.5,1913.7,1913.5,1913.7,22
2019-08-22 02:10:00+02:00,1913.6,1913.8,1913.6,1913.7,87
2019-08-22 02:11:00+02:00,1913.6,1913.9,1913.6,1913.9,69
2019-08-22 02:12:00+02:00,1913.9,1914.0,1913.8,1913.8,64
2019-08-22 02:13:00+02:00,1913.8,1913.9,1913.8,1913.8,33
2019-08-22 02:14:00+02:00,1913.7,1913.9,1913.7,1913.7,46
2019-08-22 02:15:00+02:00,1913.7,1913.8,1913.6,1913.6,25
2019-08-22 02:16:00+02:00,1913.6,1913.7,1913.5,1913.7,40
2019-08-22 02:17:00+02:00,1913.7,1913.9,1913.7,1913.9,22
2019-08-22 02:18:00+02:00,1913.8,1914.0,1913.8,1914.0,38
2019-08-22 02:19:00+02:00,1914.0,1914.0,1913.8,1913.9,32
2019-08-22 02:20:00+02:00,1913.9,1914.0,1913.9,1913.9,11
2019-08-22 02:21:00+02:00,1913.9,1914.0,1913.9,1913.9,13
2019-08-22 02:22:00+02:00,1913.9,1914.1,1913.9,1914.0,26
2019-08-22 02:23:00+02:00,1914.0,1914.1,1913.9,1913.9,32
2019-08-22 02:24:00+02:00,1913.8,1913.8,1913.7,1913.8,21
2019-08-22 02:25:00+02:00,1913.8,1913.8,1913.7,1913.7,10
2019-08-22 02:26:00+02:00,1913.7,1913.8,1913.7,1913.8,35
2019-08-22 02:27:00+02:00,1913.8,1913.8,1913.7,1913.8,27
2019-08-22 02:28:00+02:00,1913.9,1914.0,1913.9,1914.0,36
2019-08-22 02:29:00+02:00,1914.0,1914.0,1913.9,1914.0,35
2019-08-22 02:30:00+02:00,1914.0,1914.0,1913.9,1913.9,27
2019-08-22 02:31:00+02:00,1913.9,1914.0,1913.8,1913.8,16
2019-08-22 02:32:00+02:00,1913.9,1913.9,1913.6,1913.7,33
2019-08-22 02:33:00+02:00,1913.7,1913.7,1913.5,1913.5,59
2019-08-22 02:34:00+02:00,1913.5,1913.6,1913.5,1913.5,26
2019-08-22 02:35:00+02:00,1913.5,1913.7,1913.5,1913.7,28
2019-08-22 02:36:00+02:00,1913.7,1913.7,1913.6,1913.7,27
2019-08-22 02:37:00+02:00,1913.7,1913.7,1913.6,1913.6,22
2019-08-22 02:38:00+02:00,1913.6,1913.7,1913.6,1913.6,29
2019-08-22 02:39:00+02:00,1913.5,1913.5,1913.4,1913.4,38
2019-08-22 02:40:00+02:00,1913.5,1913.6,1913.4,1913.5,21
2019-08-22 02:41:00+02:00,1913.6,1913.6,1913.3,1913.4,13
2019-08-22 02:42:00+02:00,1913.4,1913.4,1913.3,1913.3,42
2019-08-22 02:43:00+02:00,1913.2,1913.3,1913.1,1913.1,64
2019-08-22 02:44:00+02:00,1913.1,1913.2,1912.9,1912.9,68
2019-08-22 02:45:00+02:00,1912.9,1913.1,1912.9,1912.9,39
2019-08-22 02:46:00+02:00,1912.9,1913.0,1912.7,1912.8,103
2019-08-22 02:47:00+02:00,1912.9,1912.9,1912.7,1912.8,59
2019-08-22 02:48:00+02:00,1912.7,1912.8,1912.7,1912.7,49
2019-08-22 02:49:00+02:00,1912.8,1913.0,1912.8,1913.0,44
2019-08-22 02:50:00+02:00,1913.0,1913.0,1912.9,1912.9,27
2019-08-22 02:51:00+02:00,1913.0,1913.1,1912.8,1912.9,39
2019-08-22 02:52:00+02:00,1913.0,1913.0,1912.5,1912.6,82
2019-08-22 02:53:00+02:00,1912.6,1913.0,1912.5,1912.8,144
2019-08-22 02:54:00+02:00,1912.8,1912.9,1912.7,1912.8,19
2019-08-22 02:55:00+02:00,1912.8,1913.0,1912.6,1912.6,70
2019-08-22 02:56:00+02:00,1912.6,1912.6,1911.9,1912.1,290
2019-08-22 02:57:00+02:00,1912.2,1912.3,1912.0,1912.0,148
2019-08-22 02:58:00+02:00,1912.1,1912.2,1911.9,1912.1,77
2019-08-22 02:59:00+02:00,1912.1,1912.4,1912.1,1912.2,84
2019-08-22 03:00:00+02:00,1912.1,1912.4,1912.1,1912.3,35
2019-08-22 03:01:00+02:00,1912.3,1912.3,1911.3,1912.2,594
2019-08-22 03:02:00+02:00,1912.1,1912.9,1912.0,1912.7,279
2019-08-22 03:03:00+02:00,1912.6,1912.6,1911.7,1911.9,277
2019-08-22 03:04:00+02:00,1911.9,1912.1,1911.7,1911.8,106
2019-08-22 03:05:00+02:00,1911.8,1912.3,1911.8,1911.8,145
2019-08-22 03:06:00+02:00,1911.8,1911.8,1911.2,1911.4,368
2019-08-22 03:07:00+02:00,1911.5,1911.5,1910.7,1911.3,500
2019-08-22 03:08:00+02:00,1911.3,1911.6,1911.1,1911.5,102
2019-08-22 03:09:00+02:00,1911.5,1911.8,1911.5,1911.7,99
2019-08-22 03:10:00+02:00,1911.7,1911.7,1911.4,1911.6,73
2019-08-22 03:11:00+02:00,1911.7,1912.0,1911.6,1911.8,141
2019-08-22 03:12:00+02:00,1911.8,1911.9,1911.6,1911.7,39
2019-08-22 03:13:00+02:00,1911.7,1912.1,1911.7,1911.9,130
2019-08-22 03:14:00+02:00,1911.9,1912.1,1911.7,1911.8,162
2019-08-22 03:15:00+02:00,1911.7,1912.2,1911.7,1912.2,174
2019-08-22 03:16:00+02:00,1912.1,1912.1,1911.7,1912.1,119
2019-08-22 03:17:00+02:00,1912.0,1912.2,1911.7,1912.1,72
2019-08-22 03:18:00+02:00,1912.1,1912.2,1911.9,1912.1,35
2019-08-22 03:19:00+02:00,1912.0,1912.2,1911.9,1912.2,78
2019-08-22 03:20:00+02:00,1912.1,1912.2,1912.0,1912.0,29
2019-08-22 03:21:00+02:00,1912.1,1912.1,1911.8,1912.0,63
2019-08-22 03:22:00+02:00,1912.0,1912.1,1911.9,1911.9,25
2019-08-22 03:23:00+02:00,1911.9,1912.0,1911.9,1912.0,15
2019-08-22 03:24:00+02:00,1912.0,1912.0,1911.9,1911.9,29
2019-08-22 03:25:00+02:00,1911.9,1912.0,1911.8,1912.0,18
2019-08-22 03:26:00+02:00,1912.0,1912.0,1911.8,1911.8,50
2019-08-22 03:27:00+02:00,1911.8,1912.1,1911.8,1911.9,60
2019-08-22 03:28:00+02:00,1911.9,1912.0,1911.9,1912.0,17
2019-08-22 03:29:00+02:00,1912.1,1912.3,1912.1,1912.1,119
2019-08-22 03:30:00+02:00,1912.2,1912.4,1912.2,1912.4,63
2019-08-22 03:31:00+02:00,1912.4,1912.4,1912.0,1912.0,69
2019-08-22 03:32:00+02:00,1912.0,1912.3,1911.9,1912.2,76
2019-08-22 03:33:00+02:00,1912.3,1912.3,1912.2,1912.2,32
2019-08-22 03:34:00+02:00,1912.3,1912.8,1912.3,1912.7,189
2019-08-22 03:35:00+02:00,1912.6,1912.6,1912.4,1912.5,116
2019-08-22 03:36:00+02:00,1912.4,1912.4,1912.1,1912.3,90
2019-08-22 03:37:00+02:00,1912.3,1912.5,1912.3,1912.5,39
2019-08-22 03:38:00+02:00,1912.4,1912.8,1912.4,1912.6,86
2019-08-22 03:39:00+02:00,1912.7,1913.0,1912.6,1912.7,171
2019-08-22 03:40:00+02:00,1912.6,1912.9,1912.6,1912.8,103
2019-08-22 03:41:00+02:00,1912.7,1912.8,1912.5,1912.6,105
2019-08-22 03:42:00+02:00,1912.6,1912.8,1912.6,1912.7,56
2019-08-22 03:43:00+02:00,1912.8,1912.9,1912.7,1912.8,60
2019-08-22 03:44:00+02:00,1912.8,1912.9,1912.7,1912.9,23
2019-08-22 03:45:00+02:00,1912.9,1913.2,1912.8,1913.2,135
2019-08-22 03:46:00+02:00,1913.2,1913.3,1912.9,1913.0,126
2019-08-22 03:47:00+02:00,1913.1,1913.5,1913.0,1913.3,245
2019-08-22 03:48:00+02:00,1913.3,1913.4,1913.1,1913.2,122
2019-08-22 03:49:00+02:00,1913.2,1913.4,1913.1,1913.4,109
2019-08-22 03:50:00+02:00,1913.4,1913.8,1913.1,1913.5,309
2019-08-22 03:51:00+02:00,1913.5,1914.0,1913.4,1913.7,374
2019-08-22 03:52:00+02:00,1913.8,1913.9,1913.7,1913.7,148
2019-08-22 03:53:00+02:00,1913.7,1914.0,1913.7,1913.8,99
2019-08-22 03:54:00+02:00,1913.8,1914.4,1913.8,1914.1,313
2019-08-22 03:55:00+02:00,1914.1,1914.5,1914.1,1914.2,260
2019-08-22 03:56:00+02:00,1914.1,1914.6,1914.1,1914.3,193
2019-08-22 03:57:00+02:00,1914.3,1914.5,1914.2,1914.4,116
2019-08-22 03:58:00+02:00,1914.4,1914.5,1914.2,1914.2,105
2019-08-22 03:59:00+02:00,1914.3,1914.3,1914.1,1914.1,66
2019-08-22 04:00:00+02:00,1914.1,1914.2,1914.1,1914.2,62
2019-08-22 04:01:00+02:00,1914.3,1914.5,1914.2,1914.2,76
2019-08-22 04:02:00+02:00,1914.2,1914.3,1914.2,1914.3,18
2019-08-22 04:03:00+02:00,1914.4,1914.5,1914.3,1914.3,44
2019-08-22 04:04:00+02:00,1914.4,1914.5,1914.3,1914.4,83
2019-08-22 04:05:00+02:00,1914.4,1914.4,1914.0,1914.1,97
2019-08-22 04:06:00+02:00,1914.1,1914.2,1914.0,1914.0,80
2019-08-22 04:07:00+02:00,1914.0,1914.1,1913.9,1913.9,89
2019-08-22 04:08:00+02:00,1913.9,1914.3,1913.9,1914.3,200
2019-08-22 04:09:00+02:00,1914.4,1914.4,1913.9,1914.0,350
2019-08-22 04:10:00+02:00,1914.1,1914.1,1913.8,1914.0,107
2019-08-22 04:11:00+02:00,1914.0,1914.0,1913.6,1913.7,143
2019-08-22 04:12:00+02:00,1913.7,1913.7,1913.6,1913.7,56
2019-08-22 04:13:00+02:00,1913.8,1913.9,1913.6,1913.6,95
2019-08-22 04:14:00+02:00,1913.7,1913.8,1913.6,1913.7,118
2019-08-22 04:15:00+02:00,1913.6,1913.6,1913.4,1913.6,117
2019-08-22 04:16:00+02:00,1913.5,1913.6,1913.2,1913.4,79
2019-08-22 04:17:00+02:00,1913.3,1913.4,1913.2,1913.4,49
2019-08-22 04:18:00+02:00,1913.3,1913.4,1913.3,1913.4,21
2019-08-22 04:19:00+02:00,1913.4,1913.5,1913.2,1913.4,61
2019-08-22 04:20:00+02:00,1913.4,1913.4,1913.1,1913.2,117
2019-08-22 04:21:00+02:00,1913.2,1913.2,1913.0,1913.1,60
2019-08-22 04:22:00+02:00,1913.0,1913.1,1913.0,1913.1,29
2019-08-22 04:23:00+02:00,1913.2,1913.3,1913.2,1913.3,23
2019-08-22 04:24:00+02:00,1913.3,1913.4,1913.2,1913.3,52
2019-08-22 04:25:00+02:00,1913.3,1913.5,1913.3,1913.4,50
2019-08-22 04:26:00+02:00,1913.3,1913.4,1913.1,1913.1,24
2019-08-22 04:27:00+02:00,1913.1,1913.1,1913.0,1913.1,67
2019-08-22 04:28:00+02:00,1913.0,1913.1,1912.3,1912.4,345
2019-08-22 04:29:00+02:00,1912.4,1912.7,1912.4,1912.7,64
2019-08-22 04:30:00+02:00,1912.6,1912.9,1912.6,1912.9,46
2019-08-22 04:31:00+02:00,1912.8,1913.0,1912.7,1912.8,131
2019-08-22 04:32:00+02:00,1912.7,1913.0,1912.6,1913.0,81
2019-08-22 04:33:00+02:00,1913.0,1913.1,1912.8,1913.0,80
2019-08-22 04:34:00+02:00,1912.9,1913.0,1912.9,1913.0,17
2019-08-22 04:35:00+02:00,1913.0,1913.1,1913.0,1913.0,16
2019-08-22 04:36:00+02:00,1913.0,1913.1,1912.7,1912.7,121
2019-08-22 04:37:00+02:00,1912.7,1912.8,1912.6,1912.8,50
2019-08-22 04:38:00+02:00,1912.8,1912.8,1912.7,1912.8,37
2019-08-22 04:39:00+02:00,1912.7,1912.8,1912.7,1912.7,4
2019-08-22 04:40:00+02:00,1912.7,1912.8,1912.7,1912.7,36
2019-08-22 04:41:00+02:00,1912.6,1912.6,1912.4,1912.5,125
2019-08-22 04:42:00+02:00,1912.5,1912.6,1912.5,1912.6,24
2019-08-22 04:43:00+02:00,1912.5,1912.6,1912.4,1912.4,92
2019-08-22 04:44:00+02:00,1912.4,1912.6,1912.4,1912.5,24
2019-08-22 04:45:00+02:00,1912.5,1912.5,1912.3,1912.4,28
2019-08-22 04:46:00+02:00,1912.5,1912.6,1912.4,1912.5,56
2019-08-22 04:47:00+02:00,1912.5,1912.7,1912.4,1912.7,109
2019-08-22 04:48:00+02:00,1912.7,1912.8,1912.6,1912.6,82
2019-08-22 04:49:00+02:00,1912.7,1912.7,1912.6,1912.7,14
2019-08-22 04:50:00+02:00,1912.7,1912.9,1912.7,1912.8,150
2019-08-22 04:51:00+02:00,1912.8,1913.0,1912.8,1912.9,48
2019-08-22 04:52:00+02:00,1912.9,1913.0,1912.8,1912.9,36
2019-08-22 04:53:00+02:00,1912.9,1913.1,1912.9,1913.1,98
2019-08-22 04:54:00+02:00,1913.0,1913.2,1913.0,1913.1,10
2019-08-22 04:55:00+02:00,1913.2,1913.3,1913.1,1913.1,60
2019-08-22 04:56:00+02:00,1913.1,1913.2,1913.0,1913.0,53
2019-08-22 04:57:00+02:00,1913.1,1913.1,1912.9,1913.0,42
2019-08-22 04:58:00+02:00,1913.0,1913.0,1912.8,1912.9,58
2019-08-22 04:59:00+02:00,1912.8,1912.8,1912.6,1912.6,64
2019-08-22 05:00:00+02:00,1912.6,1912.8,1912.4,1912.6,135
2019-08-22 05:01:00+02:00,1912.6,1912.7,1912.4,1912.5,32
2019-08-22 05:02:00+02:00,1912.4,1912.5,1912.2,1912.3,62
2019-08-22 05:03:00+02:00,1912.3,1912.4,1912.2,1912.4,58
2019-08-22 05:04:00+02:00,1912.4,1912.5,1912.3,1912.4,43
2019-08-22 05:05:00+02:00,1912.5,1912.5,1912.3,1912.4,37
2019-08-22 05:06:00+02:00,1912.3,1912.5,1912.3,1912.4,26
2019-08-22 05:07:00+02:00,1912.4,1912.4,1912.3,1912.4,28
2019-08-22 05:08:00+02:00,1912.3,1912.4,1912.0,1912.1,176
2019-08-22 05:09:00+02:00,1912.1,1912.3,1912.0,1912.3,64
2019-08-22 05:10:00+02:00,1912.2,1912.3,1912.1,1912.2,48
2019-08-22 05:11:00+02:00,1912.3,1912.4,1912.1,1912.4,72
2019-08-22 05:12:00+02:00,1912.4,1912.5,1912.4,1912.5,82
2019-08-22 05:13:00+02:00,1912.5,1912.5,1912.3,1912.4,73
2019-08-22 05:14:00+02:00,1912.4,1912.6,1912.4,1912.6,64
2019-08-22 05:15:00+02:00,1912.6,1912.7,1912.6,1912.7,57
2019-08-22 05:16:00+02:00,1912.7,1912.8,1912.6,1912.7,69
2019-08-22 05:17:00+02:00,1912.7,1912.7,1912.5,1912.6,46
2019-08-22 05:18:00+02:00,1912.6,1912.9,1912.6,1912.9,34
2019-08-22 05:19:00+02:00,1912.9,1912.9,1912.7,1912.7,53
2019-08-22 05:20:00+02:00,1912.7,1912.8,1912.7,1912.7,15
2019-08-22 05:21:00+02:00,1912.6,1912.7,1912.4,1912.6,39
2019-08-22 05:22:00+02:00,1912.6,1912.6,1912.5,1912.5,7
2019-08-22 05:23:00+02:00,1912.5,1912.6,1912.5,1912.6,25
2019-08-22 05:24:00+02:00,1912.6,1912.7,1912.5,1912.6,13
2019-08-22 05:25:00+02:00,1912.6,1912.6,1912.6,1912.6,14
2019-08-22 05:26:00+02:00,1912.6,1912.7,1912.6,1912.7,22
2019-08-22 05:27:00+02:00,1912.8,1912.8,1912.7,1912.7,18
2019-08-22 05:28:00+02:00,1912.7,1912.8,1912.7,1912.8,23
2019-08-22 05:29:00+02:00,1912.8,1912.8,1912.5,1912.6,40
2019-08-22 05:30:00+02:00,1912.6,1912.6,1912.1,1912.3,125
2019-08-22 05:31:00+02:00,1912.3,1912.4,1912.2,1912.2,47
2019-08-22 05:32:00+02:00,1912.3,1912.3,1912.2,1912.3,19
2019-08-22 05:33:00+02:00,1912.3,1912.3,1912.2,1912.2,31
2019-08-22 05:34:00+02:00,1912.2,1912.2,1911.9,1912.0,90
2019-08-22 05:35:00+02:00,1912.0,1912.0,1911.9,1911.9,52
2019-08-22 05:36:00+02:00,1911.9,1912.0,1911.9,1912.0,22
2019-08-22 05:37:00+02:00,1912.1,1912.2,1912.1,1912.2,51
2019-08-22 05:38:00+02:00,1912.1,1912.1,1912.0,1912.1,20
2019-08-22 05:39:00+02:00,1912.1,1912.2,1912.1,1912.1,8
2019-08-22 05:40:00+02:00,1912.2,1912.2,1912.2,1912.2,24
2019-08-22 05:41:00+02:00,1912.3,1912.3,1912.1,1912.2,34
2019-08-22 05:42:00+02:00,1912.2,1912.2,1911.9,1912.0,57
2019-08-22 05:43:00+02:00,1912.0,1912.2,1912.0,1912.1,36
2019-08-22 05:44:00+02:00,1912.2,1912.3,1912.0,1912.1,128
2019-08-22 05:45:00+02:00,1912.0,1912.1,1911.9,1912.0,24
2019-08-22 05:46:00+02:00,1912.0,1912.0,1911.9,1912.0,16
2019-08-22 05:47:00+02:00,1911.9,1912.2,1911.9,1912.2,68
2019-08-22 05:48:00+02:00,1912.2,1912.3,1912.2,1912.3,10
2019-08-22 05:49:00+02:00,1912.3,1912.3,1912.2,1912.3,32
2019-08-22 05:50:00+02:00,1912.2,1912.2,1912.1,1912.2,17
2019-08-22 05:51:00+02:00,1912.2,1912.3,1912.2,1912.2,8
2019-08-22 05:52:00+02:00,1912.2,1912.3,1912.2,1912.3,30
2019-08-22 05:53:00+02:00,1912.3,1912.4,1912.3,1912.3,16
2019-08-22 05:54:00+02:00,1912.4,1912.4,1912.4,1912.4,58
2019-08-22 05:55:00+02:00,1912.3,1912.4,1912.3,1912.3,18
2019-08-22 05:56:00+02:00,1912.4,1912.4,1912.3,1912.3,29
2019-08-22 05:57:00+02:00,1912.3,1912.3,1912.3,1912.3,38
2019-08-22 05:58:00+02:00,1912.3,1912.4,1912.3,1912.3,29
2019-08-22 05:59:00+02:00,1912.4,1912.5,1912.4,1912.5,63
2019-08-22 06:00:00+02:00,1912.5,1912.5,1912.3,1912.4,35
2019-08-22 06:01:00+02:00,1912.4,1912.4,1912.3,1912.3,8
2019-08-22 06:02:00+02:00,1912.3,1912.3,1912.3,1912.3,11
2019-08-22 06:03:00+02:00,1912.2,1912.3,1912.1,1912.1,44
2019-08-22 06:04:00+02:00,1912.1,1912.1,1912.0,1912.0,22
2019-08-22 06:05:00+02:00,1912.0,1912.1,1911.9,1912.1,24
2019-08-22 06:06:00+02:00,1912.0,1912.1,1912.0,1912.0,35
2019-08-22 06:07:00+02:00,1911.9,1912.0,1911.9,1912.0,13
2019-08-22 06:08:00+02:00,1911.9,1911.9,1911.6,1911.7,131
2019-08-22 06:09:00+02:00,1911.6,1911.8,1911.6,1911.7,25
2019-08-22 06:10:00+02:00,1911.7,1911.7,1911.4,1911.5,264
2019-08-22 06:11:00+02:00,1911.5,1911.6,1911.3,1911.4,105
2019-08-22 06:12:00+02:00,1911.4,1911.4,1911.3,1911.4,20
2019-08-22 06:13:00+02:00,1911.5,1911.8,1911.4,1911.6,142
2019-08-22 06:14:00+02:00,1911.6,1911.6,1911.4,1911.5,95
2019-08-22 06:15:00+02:00,1911.5,1911.5,1911.3,1911.3,101
2019-08-22 06:16:00+02:00,1911.3,1911.3,1911.1,1911.2,109
2019-08-22 06:17:00+02:00,1911.2,1911.5,1911.2,1911.5,121
2019-08-22 06:18:00+02:00,1911.5,1911.5,1911.4,1911.4,44
2019-08-22 06:19:00+02:00,1911.5,1911.5,1911.2,1911.2,75
2019-08-22 06:20:00+02:00,1911.2,1911.3,1911.1,1911.2,19
2019-08-22 06:21:00+02:00,1911.1,1911.2,1911.1,1911.1,15
2019-08-22 06:22:00+02:00,1911.1,1911.2,1911.0,1911.0,67
2019-08-22 06:23:00+02:00,1911.0,1911.1,1910.8,1910.9,157
2019-08-22 06:24:00+02:00,1910.9,1911.0,1910.9,1910.9,52
2019-08-22 06:25:00+02:00,1911.0,1911.1,1910.8,1911.0,100
2019-08-22 06:26:00+02:00,1911.0,1911.2,1910.9,1911.2,125
2019-08-22 06:27:00+02:00,1911.1,1911.2,1911.0,1911.2,32
2019-08-22 06:28:00+02:00,1911.1,1911.3,1911.1,1911.3,76
2019-08-22 06:29:00+02:00,1911.3,1911.7,1911.2,1911.7,251
2019-08-22 06:30:00+02:00,1911.7,1911.8,1911.1,1911.3,393
2019-08-22 06:31:00+02:00,1911.3,1911.4,1910.9,1911.0,111
2019-08-22 06:32:00+02:00,1911.0,1911.1,1911.0,1911.0,30
2019-08-22 06:33:00+02:00,1911.0,1911.1,1911.0,1911.1,24
2019-08-22 06:34:00+02:00,1911.1,1911.1,1911.0,1911.1,58
2019-08-22 06:35:00+02:00,1911.0,1911.0,1910.8,1910.8,74
2019-08-22 06:36:00+02:00,1910.8,1911.0,1910.8,1910.9,53
2019-08-22 06:37:00+02:00,1910.9,1911.1,1910.9,1910.9,59
2019-08-22 06:38:00+02:00,1910.8,1911.1,1910.8,1911.0,72
2019-08-22 06:39:00+02:00,1910.9,1911.0,1910.9,1910.9,50
2019-08-22 06:40:00+02:00,1911.0,1911.0,1910.8,1910.9,38
2019-08-22 06:41:00+02:00,1910.9,1911.0,1910.8,1911.0,26
2019-08-22 06:42:00+02:00,1911.0,1911.0,1910.9,1910.9,29
2019-08-22 06:43:00+02:00,1911.0,1911.0,1910.8,1911.0,81
2019-08-22 06:44:00+02:00,1911.0,1911.0,1910.9,1910.9,16
2019-08-22 06:45:00+02:00,1911.0,1911.1,1911.0,1911.1,15
2019-08-22 06:46:00+02:00,1911.1,1911.1,1910.9,1911.0,25
2019-08-22 06:47:00+02:00,1910.9,1910.9,1910.5,1910.7,197
2019-08-22 06:48:00+02:00,1910.7,1910.8,1910.5,1910.5,96
2019-08-22 06:49:00+02:00,1910.5,1910.6,1910.3,1910.6,114
2019-08-22 06:50:00+02:00,1910.5,1910.6,1910.4,1910.5,39
2019-08-22 06:51:00+02:00,1910.5,1910.8,1910.4,1910.8,58
2019-08-22 06:52:00+02:00,1910.8,1910.9,1910.7,1910.9,44
2019-08-22 06:53:00+02:00,1910.9,1911.0,1910.9,1910.9,22
2019-08-22 06:54:00+02:00,1910.9,1910.9,1910.8,1910.9,11
2019-08-22 06:55:00+02:00,1910.9,1911.0,1910.9,1910.9,19
2019-08-22 06:56:00+02:00,1910.8,1910.9,1910.8,1910.9,26
2019-08-22 06:57:00+02:00,1910.8,1910.9,1910.8,1910.9,8
2019-08-22 06:58:00+02:00,1910.8,1910.8,1910.7,1910.7,27
2019-08-22 06:59:00+02:00,1910.7,1910.8,1910.6,1910.7,88
2019-08-22 07:00:00+02:00,1910.7,1910.7,1910.5,1910.5,72
2019-08-22 07:01:00+02:00,1910.6,1910.6,1910.4,1910.5,78
2019-08-22 07:02:00+02:00,1910.5,1910.5,1910.1,1910.2,234
2019-08-22 07:03:00+02:00,1910.3,1910.3,1910.0,1910.2,140
2019-08-22 07:04:00+02:00,1910.1,1910.3,1910.1,1910.3,66
2019-08-22 07:05:00+02:00,1910.3,1910.5,1910.3,1910.5,82
2019-08-22 07:06:00+02:00,1910.5,1910.7,1910.4,1910.4,67
2019-08-22 07:07:00+02:00,1910.3,1910.4,1910.1,1910.1,51
2019-08-22 07:08:00+02:00,1910.1,1910.3,1909.9,1910.1,174
2019-08-22 07:09:00+02:00,1910.0,1910.0,1909.9,1910.0,65
2019-08-22 07:10:00+02:00,1910.0,1910.0,1909.9,1909.9,126
2019-08-22 07:11:00+02:00,1910.0,1910.5,1909.9,1910.4,186
2019-08-22 07:12:00+02:00,1910.4,1910.5,1910.4,1910.5,18
2019-08-22 07:13:00+02:00,1910.4,1910.5,1910.3,1910.4,52
2019-08-22 07:14:00+02:00,1910.4,1910.4,1910.3,1910.3,13
2019-08-22 07:15:00+02:00,1910.4,1910.5,1910.4,1910.4,70
2019-08-22 07:16:00+02:00,1910.4,1910.8,1910.4,1910.8,147
2019-08-22 07:17:00+02:00,1910.8,1911.2,1910.7,1911.1,161
2019-08-22 07:18:00+02:00,1911.2,1911.3,1911.1,1911.2,98
2019-08-22 07:19:00+02:00,1911.2,1911.4,1911.2,1911.3,73
2019-08-22 07:20:00+02:00,1911.4,1911.5,1911.1,1911.2,166
2019-08-22 07:21:00+02:00,1911.2,1911.4,1911.2,1911.3,49
2019-08-22 07:22:00+02:00,1911.2,1911.3,1911.2,1911.2,18
2019-08-22 07:23:00+02:00,1911.3,1911.7,1911.3,1911.7,113
2019-08-22 07:24:00+02:00,1911.6,1911.6,1911.4,1911.5,124
2019-08-22 07:25:00+02:00,1911.5,1911.5,1911.3,1911.3,23
2019-08-22 07:26:00+02:00,1911.3,1911.4,1911.3,1911.3,28
2019-08-22 07:27:00+02:00,1911.3,1911.4,1911.2,1911.2,64
2019-08-22 07:28:00+02:00,1911.3,1911.3,1911.2,1911.3,13
2019-08-22 07:29:00+02:00,1911.2,1911.4,1911.2,1911.4,16
2019-08-22 07:30:00+02:00,1911.4,1911.4,1911.1,1911.1,52
2019-08-22 07:31:00+02:00,1911.1,1911.1,1910.4,1910.8,346
2019-08-22 07:32:00+02:00,1910.8,1910.8,1910.7,1910.7,30
2019-08-22 07:33:00+02:00,1910.7,1910.9,1910.4,1910.9,133
2019-08-22 07:34:00+02:00,1910.9,1910.9,1910.6,1910.6,70
2019-08-22 07:35:00+02:00,1910.6,1910.7,1910.5,1910.7,45
2019-08-22 07:36:00+02:00,1910.8,1910.9,1910.7,1910.9,28
2019-08-22 07:37:00+02:00,1910.9,1911.1,1910.8,1911.1,30
2019-08-22 07:38:00+02:00,1911.2,1911.4,1911.0,1911.4,81
2019-08-22 07:39:00+02:00,1911.4,1911.4,1911.1,1911.2,76
2019-08-22 07:40:00+02:00,1911.3,1911.4,1911.3,1911.4,40
2019-08-22 07:41:00+02:00,1911.4,1911.4,1911.2,1911.3,40
2019-08-22 07:42:00+02:00,1911.3,1911.4,1911.2,1911.4,30
2019-08-22 07:43:00+02:00,1911.5,1911.8,1911.5,1911.7,145
2019-08-22 07:44:00+02:00,1911.7,1911.7,1911.5,1911.6,73
2019-08-22 07:45:00+02:00,1911.6,1911.7,1911.5,1911.5,41
2019-08-22 07:46:00+02:00,1911.5,1911.5,1911.4,1911.4,36
2019-08-22 07:47:00+02:00,1911.4,1911.7,1911.4,1911.7,60
2019-08-22 07:48:00+02:00,1911.6,1911.8,1911.6,1911.8,76
2019-08-22 07:49:00+02:00,1911.8,1911.9,1911.8,1911.9,68
2019-08-22 07:50:00+02:00,1911.8,1911.9,1911.7,1911.7,30
2019-08-22 07:51:00+02:00,1911.7,1911.9,1911.7,1911.9,70
2019-08-22 07:52:00+02:00,1911.9,1912.0,1911.8,1911.9,33
2019-08-22 07:53:00+02:00,1911.9,1912.0,1911.9,1912.0,48
2019-08-22 07:54:00+02:00,1912.0,1912.0,1911.9,1911.9,10
2019-08-22 07:55:00+02:00,1912.0,1912.2,1911.9,1911.9,132
2019-08-22 07:56:00+02:00,1911.9,1911.9,1911.5,1911.5,154
2019-08-22 07:57:00+02:00,1911.5,1911.5,1911.4,1911.4,106
2019-08-22 07:58:00+02:00,1911.4,1911.4,1911.3,1911.4,106
2019-08-22 07:59:00+02:00,1911.3,1911.4,1911.3,1911.3,57
2019-08-22 08:00:00+02:00,1911.3,1911.3,1911.2,1911.2,26
2019-08-22 08:01:00+02:00,1911.2,1911.7,1911.0,1911.7,182
2019-08-22 08:02:00+02:00,1911.6,1911.7,1911.4,1911.5,78
2019-08-22 08:03:00+02:00,1911.5,1912.1,1911.5,1912.0,157
2019-08-22 08:04:00+02:00,1912.0,1912.3,1911.9,1912.3,216
2019-08-22 08:05:00+02:00,1912.3,1912.6,1912.2,1912.4,239
2019-08-22 08:06:00+02:00,1912.5,1912.7,1912.5,1912.6,128
2019-08-22 08:07:00+02:00,1912.5,1912.7,1912.5,1912.5,111
2019-08-22 08:08:00+02:00,1912.6,1913.0,1912.5,1912.8,166
2019-08-22 08:09:00+02:00,1912.7,1912.9,1912.4,1912.8,229
2019-08-22 08:10:00+02:00,1912.8,1912.8,1912.6,1912.8,72
2019-08-22 08:11:00+02:00,1912.7,1912.9,1912.6,1912.8,87
2019-08-22 08:12:00+02:00,1912.9,1913.2,1912.9,1913.0,233
2019-08-22 08:13:00+02:00,1913.0,1913.1,1912.7,1912.7,119
2019-08-22 08:14:00+02:00,1912.6,1912.6,1912.3,1912.3,86
2019-08-22 08:15:00+02:00,1912.3,1912.5,1912.3,1912.5,104
2019-08-22 08:16:00+02:00,1912.6,1912.9,1912.5,1912.9,176
2019-08-22 08:17:00+02:00,1912.9,1913.0,1912.3,1912.3,145
2019-08-22 08:18:00+02:00,1912.4,1912.6,1912.3,1912.4,162
2019-08-22 08:19:00+02:00,1912.4,1912.5,1912.4,1912.4,80
2019-08-22 08:20:00+02:00,1912.4,1912.8,1912.3,1912.7,117
2019-08-22 08:21:00+02:00,1912.7,1912.7,1912.5,1912.5,38
2019-08-22 08:22:00+02:00,1912.6,1912.8,1912.5,1912.6,150
2019-08-22 08:23:00+02:00,1912.6,1912.7,1912.3,1912.3,39
2019-08-22 08:24:00+02:00,1912.4,1912.5,1912.3,1912.5,89
2019-08-22 08:25:00+02:00,1912.5,1912.5,1912.2,1912.3,98
2019-08-22 08:26:00+02:00,1912.4,1912.6,1912.3,1912.6,54
2019-08-22 08:27:00+02:00,1912.8,1912.8,1912.7,1912.7,51
2019-08-22 08:28:00+02:00,1912.8,1912.8,1912.6,1912.6,37
2019-08-22 08:29:00+02:00,1912.5,1912.6,1912.5,1912.5,23
2019-08-22 08:30:00+02:00,1912.6,1912.6,1912.4,1912.4,9
2019-08-22 08:31:00+02:00,1912.5,1912.6,1912.3,1912.5,95
2019-08-22 08:32:00+02:00,1912.5,1912.6,1912.5,1912.6,73
2019-08-22 08:33:00+02:00,1912.7,1912.7,1912.5,1912.5,15
2019-08-22 08:34:00+02:00,1912.5,1912.7,1912.5,1912.6,74
2019-08-22 08:35:00+02:00,1912.6,1912.7,1912.5,1912.5,44
2019-08-22 08:36:00+02:00,1912.5,1913.1,1912.5,1913.0,115
2019-08-22 08:37:00+02:00,1913.0,1913.2,1913.0,1913.1,78
2019-08-22 08:38:00+02:00,1913.2,1913.2,1913.0,1913.1,75
2019-08-22 08:39:00+02:00,1913.0,1913.1,1912.4,1912.6,236
2019-08-22 08:40:00+02:00,1912.6,1912.7,1912.5,1912.5,50
2019-08-22 08:41:00+02:00,1912.6,1912.9,1912.5,1912.6,183
2019-08-22 08:42:00+02:00,1912.5,1912.8,1912.4,1912.4,99
2019-08-22 08:43:00+02:00,1912.4,1912.4,1912.2,1912.3,74
2019-08-22 08:44:00+02:00,1912.3,1912.5,1912.2,1912.3,36
2019-08-22 08:45:00+02:00,1912.3,1912.3,1912.1,1912.1,90
2019-08-22 08:46:00+02:00,1912.1,1912.2,1911.5,1911.6,336
2019-08-22 08:47:00+02:00,1911.5,1911.6,1911.3,1911.4,257
2019-08-22 08:48:00+02:00,1911.4,1911.6,1911.4,1911.6,140
2019-08-22 08:49:00+02:00,1911.6,1911.7,1911.5,1911.6,111
2019-08-22 08:50:00+02:00,1911.6,1911.7,1911.5,1911.7,130
2019-08-22 08:51:00+02:00,1911.6,1911.7,1911.5,1911.7,113
2019-08-22 08:52:00+02:00,1911.8,1912.0,1911.6,1911.8,96
2019-08-22 08:53:00+02:00,1911.8,1911.8,1911.6,1911.6,70
2019-08-22 08:54:00+02:00,1911.6,1912.1,1911.5,1912.1,126
2019-08-22 08:55:00+02:00,1912.0,1912.2,1911.9,1912.2,74
2019-08-22 08:56:00+02:00,1912.1,1912.6,1912.0,1912.5,211
2019-08-22 08:57:00+02:00,1912.5,1912.6,1912.4,1912.6,47
2019-08-22 08:58:00+02:00,1912.5,1912.6,1912.2,1912.3,91
2019-08-22 08:59:00+02:00,1912.2,1912.2,1912.0,1912.0,154
2019-08-22 09:00:00+02:00,1912.0,1912.1,1911.9,1912.1,196
2019-08-22 09:01:00+02:00,1912.1,1912.4,1912.0,1912.3,209
2019-08-22 09:02:00+02:00,1912.3,1912.4,1912.2,1912.3,118
2019-08-22 09:03:00+02:00,1912.4,1913.0,1912.4,1912.8,362
2019-08-22 09:04:00+02:00,1912.9,1913.0,1912.4,1912.4,238
2019-08-22 09:05:00+02:00,1912.5,1912.6,1912.1,1912.2,135
2019-08-22 09:06:00+02:00,1912.1,1912.6,1912.1,1912.4,120
2019-08-22 09:07:00+02:00,1912.5,1912.6,1911.9,1911.9,165
2019-08-22 09:08:00+02:00,1911.9,1912.0,1911.7,1911.7,193
2019-08-22 09:09:00+02:00,1911.6,1911.8,1911.4,1911.6,552
2019-08-22 09:10:00+02:00,1911.6,1911.9,1911.2,1911.7,425
2019-08-22 09:11:00+02:00,1911.8,1911.9,1911.5,1911.8,177
2019-08-22 09:12:00+02:00,1911.8,1911.9,1911.6,1911.7,113
2019-08-22 09:13:00+02:00,1911.8,1911.9,1911.4,1911.4,83
2019-08-22 09:14:00+02:00,1911.5,1911.7,1911.4,1911.5,119
2019-08-22 09:15:00+02:00,1911.4,1911.8,1911.4,1911.7,52
2019-08-22 09:16:00+02:00,1911.7,1912.0,1910.5,1910.6,1125
2019-08-22 09:17:00+02:00,1910.7,1911.0,1910.6,1910.9,257
2019-08-22 09:18:00+02:00,1910.8,1910.9,1910.6,1910.8,169
2019-08-22 09:19:00+02:00,1910.8,1910.9,1910.5,1910.8,142
2019-08-22 09:20:00+02:00,1910.8,1910.8,1910.2,1910.7,332
2019-08-22 09:21:00+02:00,1910.7,1910.8,1909.2,1909.8,648
2019-08-22 09:22:00+02:00,1909.9,1910.1,1909.5,1910.1,544
2019-08-22 09:23:00+02:00,1910.1,1910.1,1909.6,1909.7,272
2019-08-22 09:24:00+02:00,1909.6,1910.0,1909.5,1909.7,267
2019-08-22 09:25:00+02:00,1909.7,1910.0,1909.5,1910.0,146
2019-08-22 09:26:00+02:00,1910.1,1910.3,1909.8,1910.2,141
2019-08-22 09:27:00+02:00,1910.2,1910.2,1909.8,1909.9,129
2019-08-22 09:28:00+02:00,1909.8,1910.1,1909.6,1909.7,228
2019-08-22 09:29:00+02:00,1909.7,1910.1,1909.6,1910.0,200
2019-08-22 09:30:00+02:00,1910.0,1910.1,1909.4,1909.5,155
2019-08-22 09:31:00+02:00,1909.5,1909.5,1908.7,1908.9,1014
2019-08-22 09:32:00+02:00,1908.8,1909.3,1908.7,1908.9,405
2019-08-22 09:33:00+02:00,1908.9,1909.3,1908.8,1909.1,278
2019-08-22 09:34:00+02:00,1909.1,1909.1,1908.8,1908.9,296
2019-08-22 09:35:00+02:00,1908.8,1909.1,1908.5,1908.8,567
2019-08-22 09:36:00+02:00,1908.7,1909.3,1908.7,1909.3,305
2019-08-22 09:37:00+02:00,1909.3,1909.5,1909.2,1909.3,277
2019-08-22 09:38:00+02:00,1909.2,1909.3,1908.6,1909.0,336
2019-08-22 09:39:00+02:00,1909.0,1909.1,1908.5,1908.7,252
2019-08-22 09:40:00+02:00,1908.6,1908.8,1908.5,1908.8,164
2019-08-22 09:41:00+02:00,1908.7,1909.0,1908.6,1909.0,123
2019-08-22 09:42:00+02:00,1908.9,1909.3,1908.8,1909.1,155
2019-08-22 09:43:00+02:00,1909.1,1909.2,1908.7,1908.7,319
2019-08-22 09:44:00+02:00,1908.7,1909.2,1908.7,1909.2,406
2019-08-22 09:45:00+02:00,1909.1,1909.7,1909.1,1909.5,770
2019-08-22 09:46:00+02:00,1909.5,1909.7,1909.4,1909.7,458
2019-08-22 09:47:00+02:00,1909.8,1910.3,1909.8,1910.3,999
2019-08-22 09:48:00+02:00,1910.3,1911.2,1910.3,1911.1,1458
2019-08-22 09:49:00+02:00,1911.1,1911.1,1909.9,1910.1,1002
2019-08-22 09:50:00+02:00,1910.1,1910.3,1909.8,1910.3,219
2019-08-22 09:51:00+02:00,1910.3,1910.7,1910.1,1910.2,210
2019-08-22 09:52:00+02:00,1910.1,1910.2,1909.8,1909.8,92
2019-08-22 09:53:00+02:00,1909.8,1909.8,1909.2,1909.2,537
2019-08-22 09:54:00+02:00,1909.2,1909.3,1909.2,1909.3,146
2019-08-22 09:55:00+02:00,1909.3,1909.3,1909.0,1909.1,144
2019-08-22 09:56:00+02:00,1909.1,1909.7,1909.0,1909.5,212
2019-08-22 09:57:00+02:00,1909.6,1909.6,1909.2,1909.4,87
2019-08-22 09:58:00+02:00,1909.4,1909.5,1909.1,1909.4,110
2019-08-22 09:59:00+02:00,1909.4,1909.6,1909.2,1909.5,147
2019-08-22 10:00:00+02:00,1909.4,1909.7,1909.3,1909.3,174
2019-08-22 10:01:00+02:00,1909.3,1909.7,1909.1,1909.7,144
2019-08-22 10:02:00+02:00,1909.6,1910.0,1909.5,1910.0,195
2019-08-22 10:03:00+02:00,1910.0,1910.1,1909.6,1909.8,270
2019-08-22 10:04:00+02:00,1909.9,1909.9,1909.4,1909.4,177
2019-08-22 10:05:00+02:00,1909.4,1909.5,1909.2,1909.3,232
2019-08-22 10:06:00+02:00,1909.3,1909.5,1909.2,1909.5,187
2019-08-22 10:07:00+02:00,1909.5,1909.5,1909.1,1909.2,269
2019-08-22 10:08:00+02:00,1909.2,1909.3,1909.1,1909.3,59
2019-08-22 10:09:00+02:00,1909.3,1909.5,1909.3,1909.5,143
2019-08-22 10:10:00+02:00,1909.5,1909.5,1909.2,1909.3,58
2019-08-22 10:11:00+02:00,1909.3,1909.3,1909.1,1909.2,104
2019-08-22 10:12:00+02:00,1909.1,1909.2,1908.9,1909.2,75
2019-08-22 10:13:00+02:00,1909.1,1909.6,1909.1,1909.4,228
2019-08-22 10:14:00+02:00,1909.4,1909.5,1909.1,1909.1,88
2019-08-22 10:15:00+02:00,1909.2,1909.2,1908.9,1909.0,155
2019-08-22 10:16:00+02:00,1909.0,1909.2,1909.0,1909.2,80
2019-08-22 10:17:00+02:00,1909.1,1909.1,1908.8,1909.0,133
2019-08-22 10:18:00+02:00,1909.1,1909.2,1909.0,1909.2,93
2019-08-22 10:19:00+02:00,1909.2,1909.5,1909.2,1909.4,93
2019-08-22 10:20:00+02:00,1909.3,1909.4,1909.2,1909.3,87
2019-08-22 10:21:00+02:00,1909.2,1909.3,1909.1,1909.1,62
2019-08-22 10:22:00+02:00,1909.1,1909.5,1909.0,1909.4,72
2019-08-22 10:23:00+02:00,1909.5,1909.5,1909.1,1909.2,64
2019-08-22 10:24:00+02:00,1909.2,1909.6,1909.2,1909.5,95
2019-08-22 10:25:00+02:00,1909.5,1909.5,1909.2,1909.3,76
2019-08-22 10:26:00+02:00,1909.2,1909.3,1909.1,1909.2,56
2019-08-22 10:27:00+02:00,1909.3,1909.6,1909.0,1909.1,263
2019-08-22 10:28:00+02:00,1909.1,1909.5,1909.0,1909.2,208
2019-08-22 10:29:00+02:00,1909.2,1909.3,1909.1,1909.3,75
2019-08-22 10:30:00+02:00,1909.2,1909.3,1909.0,1909.3,84
2019-08-22 10:31:00+02:00,1909.2,1909.4,1909.1,1909.2,111
2019-08-22 10:32:00+02:00,1909.3,1909.4,1909.0,1909.3,119
2019-08-22 10:33:00+02:00,1909.3,1909.5,1909.1,1909.2,255
2019-08-22 10:34:00+02:00,1909.2,1910.0,1909.2,1910.0,315
2019-08-22 10:35:00+02:00,1910.0,1910.9,1909.7,1910.1,1000
2019-08-22 10:36:00+02:00,1910.2,1910.6,1910.1,1910.4,275
2019-08-22 10:37:00+02:00,1910.4,1910.5,1909.8,1910.0,183
2019-08-22 10:38:00+02:00,1910.0,1910.1,1909.9,1910.0,73
2019-08-22 10:39:00+02:00,1909.9,1910.3,1909.9,1910.1,121
2019-08-22 10:40:00+02:00,1910.1,1910.4,1910.1,1910.3,194
2019-08-22 10:41:00+02:00,1910.3,1910.5,1910.2,1910.4,138
2019-08-22 10:42:00+02:00,1910.4,1910.4,1909.9,1910.0,138
2019-08-22 10:43:00+02:00,1910.0,1910.0,1909.7,1909.9,114
2019-08-22 10:44:00+02:00,1909.8,1910.1,1909.8,1910.0,42
2019-08-22 10:45:00+02:00,1909.9,1910.0,1909.9,1909.9,75
2019-08-22 10:46:00+02:00,1910.0,1910.1,1909.9,1910.1,39
2019-08-22 10:47:00+02:00,1910.0,1910.3,1910.0,1910.2,70
2019-08-22 10:48:00+02:00,1910.3,1910.3,1909.9,1910.0,94
2019-08-22 10:49:00+02:00,1910.1,1910.1,1909.1,1909.3,754
2019-08-22 10:50:00+02:00,1909.4,1910.0,1909.4,1910.0,240
2019-08-22 10:51:00+02:00,1909.9,1910.0,1909.7,1909.8,70
2019-08-22 10:52:00+02:00,1909.7,1909.8,1909.5,1909.7,67
2019-08-22 10:53:00+02:00,1909.6,1909.8,1909.5,1909.5,46
2019-08-22 10:54:00+02:00,1909.4,1909.6,1909.2,1909.4,133
2019-08-22 10:55:00+02:00,1909.3,1909.4,1909.2,1909.4,53
2019-08-22 10:56:00+02:00,1909.3,1909.5,1909.3,1909.4,68
2019-08-22 10:57:00+02:00,1909.4,1909.4,1909.2,1909.4,38
2019-08-22 10:58:00+02:00,1909.3,1909.3,1909.1,1909.3,108
2019-08-22 10:59:00+02:00,1909.4,1909.4,1909.3,1909.3,40
2019-08-22 11:00:00+02:00,1909.3,1909.3,1909.0,1909.2,113
2019-08-22 11:01:00+02:00,1909.1,1909.1,1908.9,1909.0,63
2019-08-22 11:02:00+02:00,1909.0,1909.2,1908.9,1909.2,64
2019-08-22 11:03:00+02:00,1909.2,1909.2,1909.0,1909.1,63
2019-08-22 11:04:00+02:00,1909.1,1909.4,1909.0,1909.4,108
2019-08-22 11:05:00+02:00,1909.3,1909.3,1908.9,1909.0,101
2019-08-22 11:06:00+02:00,1908.9,1908.9,1908.1,1908.3,722
2019-08-22 11:07:00+02:00,1908.3,1909.2,1908.2,1909.2,267
2019-08-22 11:08:00+02:00,1909.2,1909.3,1908.9,1909.1,223
2019-08-22 11:09:00+02:00,1909.1,1909.1,1908.9,1908.9,143
2019-08-22 11:10:00+02:00,1909.0,1909.1,1908.8,1908.9,66
2019-08-22 11:11:00+02:00,1909.0,1909.3,1909.0,1909.1,128
2019-08-22 11:12:00+02:00,1909.1,1909.1,1908.9,1909.0,69
2019-08-22 11:13:00+02:00,1909.0,1909.2,1909.0,1909.1,51
2019-08-22 11:14:00+02:00,1909.2,1909.2,1909.0,1909.1,86
2019-08-22 11:15:00+02:00,1909.0,1909.2,1909.0,1909.2,40
2019-08-22 11:16:00+02:00,1909.1,1909.2,1909.0,1909.2,63
2019-08-22 11:17:00+02:00,1909.2,1909.4,1909.2,1909.3,89
2019-08-22 11:18:00+02:00,1909.3,1909.5,1909.3,1909.4,61
2019-08-22 11:19:00+02:00,1909.3,1909.5,1909.3,1909.5,56
2019-08-22 11:20:00+02:00,1909.4,1909.7,1909.2,1909.7,79
2019-08-22 11:21:00+02:00,1909.6,1909.6,1909.4,1909.6,55
2019-08-22 11:22:00+02:00,1909.5,1910.8,1909.5,1910.3,526
2019-08-22 11:23:00+02:00,1910.2,1911.1,1910.2,1910.7,613
2019-08-22 11:24:00+02:00,1910.8,1910.8,1910.3,1910.4,337
2019-08-22 11:25:00+02:00,1910.5,1910.5,1910.0,1910.1,320
2019-08-22 11:26:00+02:00,1910.1,1910.4,1910.1,1910.3,144
2019-08-22 11:27:00+02:00,1910.3,1910.4,1910.2,1910.2,89
2019-08-22 11:28:00+02:00,1910.2,1910.3,1910.0,1910.2,304
2019-08-22 11:29:00+02:00,1910.1,1910.2,1909.9,1910.0,43
2019-08-22 11:30:00+02:00,1909.9,1910.1,1909.8,1910.0,70
2019-08-22 11:31:00+02:00,1910.0,1910.0,1909.3,1909.6,358
2019-08-22 11:32:00+02:00,1909.6,1909.8,1909.5,1909.6,394
2019-08-22 11:33:00+02:00,1909.6,1909.9,1909.6,1909.8,117
2019-08-22 11:34:00+02:00,1909.8,1910.0,1909.8,1909.8,81
2019-08-22 11:35:00+02:00,1909.8,1909.8,1909.5,1909.5,163
2019-08-22 11:36:00+02:00,1909.5,1909.5,1909.1,1909.1,410
2019-08-22 11:37:00+02:00,1909.2,1909.3,1909.0,1909.3,330
2019-08-22 11:38:00+02:00,1909.3,1909.5,1909.1,1909.2,136
2019-08-22 11:39:00+02:00,1909.1,1909.2,1908.9,1909.1,149
2019-08-22 11:40:00+02:00,1909.1,1909.1,1908.9,1908.9,117
2019-08-22 11:41:00+02:00,1909.0,1909.0,1908.4,1908.5,479
2019-08-22 11:42:00+02:00,1908.6,1908.8,1908.6,1908.8,111
2019-08-22 11:43:00+02:00,1908.7,1908.9,1908.7,1908.8,181
2019-08-22 11:44:00+02:00,1908.9,1908.9,1908.7,1908.8,54
2019-08-22 11:45:00+02:00,1908.9,1909.0,1908.8,1909.0,44
2019-08-22 11:46:00+02:00,1909.1,1909.3,1908.8,1908.9,196
2019-08-22 11:47:00+02:00,1909.0,1909.0,1908.8,1908.8,74
2019-08-22 11:48:00+02:00,1908.7,1908.8,1908.4,1908.6,127
2019-08-22 11:49:00+02:00,1908.5,1908.9,1908.4,1908.9,164
2019-08-22 11:50:00+02:00,1908.8,1908.8,1908.6,1908.6,86
2019-08-22 11:51:00+02:00,1908.7,1909.0,1908.7,1908.9,91
2019-08-22 11:52:00+02:00,1908.9,1909.1,1908.9,1908.9,124
2019-08-22 11:53:00+02:00,1908.9,1909.0,1908.8,1908.9,83
2019-08-22 11:54:00+02:00,1908.9,1909.0,1908.8,1908.9,53
2019-08-22 11:55:00+02:00,1908.8,1909.0,1908.8,1909.0,51
2019-08-22 11:56:00+02:00,1908.9,1909.1,1908.9,1909.0,74
2019-08-22 11:57:00+02:00,1909.0,1909.0,1908.8,1908.9,65
2019-08-22 11:58:00+02:00,1908.9,1909.0,1908.8,1908.9,18
2019-08-22 11:59:00+02:00,1909.0,1909.0,1908.8,1908.8,56
2019-08-22 12:00:00+02:00,1908.8,1908.9,1908.7,1908.9,50
2019-08-22 12:01:00+02:00,1908.9,1909.0,1908.7,1908.8,62
2019-08-22 12:02:00+02:00,1908.7,1908.7,1908.5,1908.6,113
2019-08-22 12:03:00+02:00,1908.5,1908.7,1908.4,1908.7,119
2019-08-22 12:04:00+02:00,1908.7,1908.7,1907.3,1908.1,1366
2019-08-22 12:05:00+02:00,1908.0,1908.4,1907.9,1908.3,372
2019-08-22 12:06:00+02:00,1908.4,1908.5,1908.3,1908.4,80
2019-08-22 12:07:00+02:00,1908.3,1908.6,1908.3,1908.6,59
2019-08-22 12:08:00+02:00,1908.6,1908.6,1908.5,1908.6,40
2019-08-22 12:09:00+02:00,1908.5,1908.6,1908.5,1908.5,39
2019-08-22 12:10:00+02:00,1908.5,1908.6,1908.3,1908.4,74
2019-08-22 12:11:00+02:00,1908.4,1908.5,1908.3,1908.4,51
2019-08-22 12:12:00+02:00,1908.5,1908.6,1908.3,1908.4,49
2019-08-22 12:13:00+02:00,1908.4,1908.5,1908.3,1908.4,41
2019-08-22 12:14:00+02:00,1908.3,1908.4,1908.3,1908.4,36
2019-08-22 12:15:00+02:00,1908.3,1908.4,1908.1,1908.2,92
2019-08-22 12:16:00+02:00,1908.2,1908.2,1908.0,1908.1,89
2019-08-22 12:17:00+02:00,1908.1,1908.1,1908.0,1908.0,105
2019-08-22 12:18:00+02:00,1908.0,1908.1,1907.6,1907.7,257
2019-08-22 12:19:00+02:00,1907.7,1907.8,1907.5,1907.7,208
2019-08-22 12:20:00+02:00,1907.7,1907.9,1907.6,1907.6,170
2019-08-22 12:21:00+02:00,1907.6,1907.7,1907.3,1907.6,316
2019-08-22 12:22:00+02:00,1907.6,1907.7,1906.6,1906.8,1040
2019-08-22 12:23:00+02:00,1906.8,1907.0,1906.4,1907.0,585
2019-08-22 12:24:00+02:00,1907.1,1907.4,1907.0,1907.1,247
2019-08-22 12:25:00+02:00,1907.1,1907.2,1907.0,1907.2,129
2019-08-22 12:26:00+02:00,1907.2,1907.2,1906.7,1906.9,232
2019-08-22 12:27:00+02:00,1906.9,1907.3,1906.8,1907.3,99
2019-08-22 12:28:00+02:00,1907.3,1907.9,1907.2,1907.8,437
2019-08-22 12:29:00+02:00,1907.8,1907.8,1907.5,1907.5,181
2019-08-22 12:30:00+02:00,1907.5,1907.5,1907.2,1907.3,83
2019-08-22 12:31:00+02:00,1907.3,1907.3,1907.1,1907.1,159
2019-08-22 12:32:00+02:00,1907.2,1907.3,1907.1,1907.2,67
2019-08-22 12:33:00+02:00,1907.2,1907.4,1907.2,1907.3,92
2019-08-22 12:34:00+02:00,1907.4,1907.5,1907.2,1907.4,53
2019-08-22 12:35:00+02:00,1907.4,1907.4,1907.2,1907.2,44
2019-08-22 12:36:00+02:00,1907.3,1907.3,1907.1,1907.2,80
2019-08-22 12:37:00+02:00,1907.1,1907.1,1906.9,1907.1,90
2019-08-22 12:38:00+02:00,1907.1,1907.3,1907.0,1907.0,66
2019-08-22 12:39:00+02:00,1907.0,1907.0,1906.7,1906.7,128
2019-08-22 12:40:00+02:00,1906.7,1906.8,1906.4,1906.7,231
2019-08-22 12:41:00+02:00,1906.7,1906.8,1906.4,1906.7,228
2019-08-22 12:42:00+02:00,1906.7,1906.7,1905.9,1906.3,851
2019-08-22 12:43:00+02:00,1906.3,1906.8,1906.2,1906.4,289
2019-08-22 12:44:00+02:00,1906.3,1906.4,1906.1,1906.3,180
2019-08-22 12:45:00+02:00,1906.2,1906.9,1906.2,1906.8,206
2019-08-22 12:46:00+02:00,1906.8,1906.9,1906.7,1906.9,128
2019-08-22 12:47:00+02:00,1906.9,1907.0,1906.5,1906.6,123
2019-08-22 12:48:00+02:00,1906.6,1906.7,1906.5,1906.5,71
2019-08-22 12:49:00+02:00,1906.6,1906.9,1906.5,1906.9,125
2019-08-22 12:50:00+02:00,1906.8,1906.9,1906.6,1906.6,79
2019-08-22 12:51:00+02:00,1906.7,1906.9,1906.7,1906.9,39
2019-08-22 12:52:00+02:00,1906.8,1907.1,1906.7,1907.1,98
2019-08-22 12:53:00+02:00,1907.1,1907.4,1907.0,1907.2,324
2019-08-22 12:54:00+02:00,1907.2,1907.3,1907.1,1907.2,47
2019-08-22 12:55:00+02:00,1907.2,1907.4,1907.1,1907.4,142
2019-08-22 12:56:00+02:00,1907.3,1907.5,1907.2,1907.4,151
2019-08-22 12:57:00+02:00,1907.4,1907.5,1907.3,1907.3,97
2019-08-22 12:58:00+02:00,1907.3,1907.4,1907.3,1907.3,59
2019-08-22 12:59:00+02:00,1907.3,1907.3,1907.0,1907.0,162
2019-08-22 13:00:00+02:00,1907.0,1907.2,1907.0,1907.0,70
2019-08-22 13:01:00+02:00,1907.1,1907.3,1907.0,1907.3,211
2019-08-22 13:02:00+02:00,1907.2,1907.4,1907.2,1907.4,91
2019-08-22 13:03:00+02:00,1907.3,1907.4,1907.3,1907.4,69
2019-08-22 13:04:00+02:00,1907.4,1907.6,1907.4,1907.5,101
2019-08-22 13:05:00+02:00,1907.6,1908.1,1907.5,1907.9,456
2019-08-22 13:06:00+02:00,1907.9,1908.0,1907.5,1907.6,350
2019-08-22 13:07:00+02:00,1907.5,1907.6,1907.3,1907.3,110
2019-08-22 13:08:00+02:00,1907.3,1907.5,1907.2,1907.3,149
2019-08-22 13:09:00+02:00,1907.2,1907.4,1907.1,1907.3,122
2019-08-22 13:10:00+02:00,1907.3,1907.3,1906.9,1907.2,225
2019-08-22 13:11:00+02:00,1907.2,1907.2,1906.9,1906.9,84
2019-08-22 13:12:00+02:00,1907.0,1907.0,1906.5,1906.7,218
2019-08-22 13:13:00+02:00,1906.6,1907.0,1906.4,1907.0,116
2019-08-22 13:14:00+02:00,1906.9,1907.5,1906.8,1907.3,295
2019-08-22 13:15:00+02:00,1907.2,1907.5,1907.1,1907.2,88
2019-08-22 13:16:00+02:00,1907.2,1907.5,1907.1,1907.2,104
2019-08-22 13:17:00+02:00,1907.2,1907.2,1907.0,1907.1,36
2019-08-22 13:18:00+02:00,1907.1,1907.4,1907.1,1907.2,131
2019-08-22 13:19:00+02:00,1907.3,1907.4,1907.2,1907.2,124
2019-08-22 13:20:00+02:00,1907.2,1907.3,1906.9,1907.0,135
2019-08-22 13:21:00+02:00,1907.0,1907.0,1906.2,1906.5,359
2019-08-22 13:22:00+02:00,1906.5,1907.3,1906.5,1907.3,211
2019-08-22 13:23:00+02:00,1907.3,1907.4,1907.1,1907.3,151
2019-08-22 13:24:00+02:00,1907.3,1907.3,1907.0,1907.0,147
2019-08-22 13:25:00+02:00,1907.0,1907.0,1906.6,1906.8,161
2019-08-22 13:26:00+02:00,1906.8,1906.8,1906.0,1906.1,339
2019-08-22 13:27:00+02:00,1906.2,1906.3,1905.3,1905.9,713
2019-08-22 13:28:00+02:00,1905.9,1905.9,1905.2,1905.8,326
2019-08-22 13:29:00+02:00,1905.8,1906.5,1905.8,1906.4,228
2019-08-22 13:30:00+02:00,1906.4,1906.8,1906.3,1906.7,128
2019-08-22 13:31:00+02:00,1906.7,1907.7,1906.6,1907.5,450
2019-08-22 13:32:00+02:00,1907.4,1907.6,1906.8,1906.9,411
2019-08-22 13:33:00+02:00,1906.9,1907.3,1906.9,1907.2,302
2019-08-22 13:34:00+02:00,1907.1,1907.2,1906.6,1906.7,198
2019-08-22 13:35:00+02:00,1906.6,1906.6,1906.0,1906.3,267
2019-08-22 13:36:00+02:00,1906.2,1906.4,1905.9,1905.9,184
2019-08-22 13:37:00+02:00,1905.8,1906.1,1905.2,1905.4,626
2019-08-22 13:38:00+02:00,1905.5,1905.6,1905.2,1905.3,365
2019-08-22 13:39:00+02:00,1905.4,1905.4,1904.3,1904.4,1190
2019-08-22 13:40:00+02:00,1904.3,1905.2,1903.4,1904.9,1879
2019-08-22 13:41:00+02:00,1904.9,1905.1,1904.6,1904.7,263
2019-08-22 13:42:00+02:00,1904.7,1904.9,1904.1,1904.5,362
2019-08-22 13:43:00+02:00,1904.5,1904.6,1904.2,1904.3,180
2019-08-22 13:44:00+02:00,1904.2,1904.3,1904.1,1904.1,334
2019-08-22 13:45:00+02:00,1904.1,1904.2,1903.4,1903.9,731
2019-08-22 13:46:00+02:00,1903.8,1903.8,1903.2,1903.7,652
2019-08-22 13:47:00+02:00,1903.8,1904.3,1903.7,1904.2,368
2019-08-22 13:48:00+02:00,1904.3,1904.6,1903.9,1904.5,406
2019-08-22 13:49:00+02:00,1904.5,1904.7,1904.2,1904.4,295
2019-08-22 13:50:00+02:00,1904.4,1904.4,1903.7,1904.2,319
2019-08-22 13:51:00+02:00,1904.2,1904.6,1904.1,1904.4,237
2019-08-22 13:52:00+02:00,1904.4,1904.4,1903.9,1904.0,278
2019-08-22 13:53:00+02:00,1903.9,1904.5,1903.9,1904.4,225
2019-08-22 13:54:00+02:00,1904.4,1904.5,1904.0,1904.4,173
2019-08-22 13:55:00+02:00,1904.5,1904.9,1904.4,1904.8,390
2019-08-22 13:56:00+02:00,1904.8,1904.8,1904.4,1904.7,415
2019-08-22 13:57:00+02:00,1904.7,1904.8,1904.4,1904.5,77
2019-08-22 13:58:00+02:00,1904.4,1904.6,1904.1,1904.5,255
2019-08-22 13:59:00+02:00,1904.4,1904.5,1904.0,1904.0,342
2019-08-22 14:00:00+02:00,1904.0,1904.1,1903.2,1903.6,515
2019-08-22 14:01:00+02:00,1903.6,1904.5,1903.4,1904.2,560
2019-08-22 14:02:00+02:00,1904.3,1904.4,1903.8,1904.1,738
2019-08-22 14:03:00+02:00,1904.1,1904.5,1903.7,1904.4,273
2019-08-22 14:04:00+02:00,1904.3,1904.5,1903.9,1904.0,706
2019-08-22 14:05:00+02:00,1904.0,1904.4,1904.0,1904.1,244
2019-08-22 14:06:00+02:00,1904.1,1904.4,1904.1,1904.2,515
2019-08-22 14:07:00+02:00,1904.2,1904.5,1904.2,1904.3,762
2019-08-22 14:08:00+02:00,1904.4,1904.6,1904.2,1904.6,422
2019-08-22 14:09:00+02:00,1904.6,1904.8,1904.3,1904.4,398
2019-08-22 14:10:00+02:00,1904.4,1905.1,1904.4,1905.0,364
2019-08-22 14:11:00+02:00,1905.0,1905.1,1904.7,1904.9,299
2019-08-22 14:12:00+02:00,1904.9,1905.0,1904.7,1904.8,209
2019-08-22 14:13:00+02:00,1904.7,1905.1,1904.6,1905.0,373
2019-08-22 14:14:00+02:00,1905.0,1905.1,1904.6,1904.9,417
2019-08-22 14:15:00+02:00,1904.8,1904.9,1904.7,1904.8,383
2019-08-22 14:16:00+02:00,1904.8,1905.6,1904.8,1905.4,627
2019-08-22 14:17:00+02:00,1905.4,1905.6,1905.1,1905.1,466
2019-08-22 14:18:00+02:00,1905.0,1905.3,1905.0,1905.2,126
2019-08-22 14:19:00+02:00,1905.2,1905.4,1905.1,1905.3,209
2019-08-22 14:20:00+02:00,1905.3,1905.4,1905.2,1905.4,478
2019-08-22 14:21:00+02:00,1905.3,1906.2,1904.9,1906.0,1141
2019-08-22 14:22:00+02:00,1906.0,1906.2,1905.6,1905.9,664
2019-08-22 14:23:00+02:00,1905.9,1906.1,1905.5,1905.7,246
2019-08-22 14:24:00+02:00,1905.6,1906.1,1905.6,1906.0,166
2019-08-22 14:25:00+02:00,1906.1,1906.4,1906.1,1906.2,296
2019-08-22 14:26:00+02:00,1906.2,1906.2,1905.5,1906.1,420
2019-08-22 14:27:00+02:00,1906.0,1906.1,1905.8,1906.0,205
2019-08-22 14:28:00+02:00,1906.0,1906.1,1905.6,1905.9,157
2019-08-22 14:29:00+02:00,1905.9,1906.0,1905.7,1905.9,172
2019-08-22 14:30:00+02:00,1905.9,1905.9,1905.6,1905.6,226
2019-08-22 14:31:00+02:00,1905.6,1905.7,1905.0,1905.3,699
2019-08-22 14:32:00+02:00,1905.2,1905.6,1905.0,1905.3,357
2019-08-22 14:33:00+02:00,1905.3,1905.3,1904.4,1904.7,938
2019-08-22 14:34:00+02:00,1904.7,1905.6,1904.7,1905.1,444
2019-08-22 14:35:00+02:00,1905.2,1905.4,1905.0,1905.1,303
2019-08-22 14:36:00+02:00,1905.1,1905.4,1905.1,1905.2,206
2019-08-22 14:37:00+02:00,1905.2,1905.4,1905.1,1905.3,64
2019-08-22 14:38:00+02:00,1905.3,1906.0,1905.3,1905.8,450
2019-08-22 14:39:00+02:00,1905.8,1907.1,1905.7,1906.9,1603
2019-08-22 14:40:00+02:00,1907.0,1907.2,1906.6,1906.8,476
2019-08-22 14:41:00+02:00,1906.8,1906.9,1906.2,1906.8,497
2019-08-22 14:42:00+02:00,1906.8,1907.6,1906.8,1907.3,660
2019-08-22 14:43:00+02:00,1907.4,1908.4,1907.3,1907.9,882
2019-08-22 14:44:00+02:00,1907.8,1908.2,1907.3,1907.4,660
2019-08-22 14:45:00+02:00,1907.4,1907.9,1907.4,1907.8,259
2019-08-22 14:46:00+02:00,1907.7,1908.2,1907.7,1907.8,401
2019-08-22 14:47:00+02:00,1907.8,1907.9,1907.7,1907.8,249
2019-08-22 14:48:00+02:00,1907.8,1908.1,1907.7,1907.9,691
2019-08-22 14:49:00+02:00,1907.9,1908.0,1907.2,1907.3,480
2019-08-22 14:50:00+02:00,1907.3,1907.6,1907.2,1907.3,220
2019-08-22 14:51:00+02:00,1907.3,1907.4,1906.8,1906.8,679
2019-08-22 14:52:00+02:00,1906.8,1906.8,1906.0,1906.4,623
2019-08-22 14:53:00+02:00,1906.5,1907.4,1906.5,1907.3,586
2019-08-22 14:54:00+02:00,1907.3,1907.3,1906.7,1907.2,316
2019-08-22 14:55:00+02:00,1907.2,1907.2,1906.8,1906.9,211
2019-08-22 14:56:00+02:00,1906.9,1906.9,1906.6,1906.7,223
2019-08-22 14:57:00+02:00,1906.7,1907.1,1906.6,1907.0,128
2019-08-22 14:58:00+02:00,1907.0,1907.4,1906.9,1907.1,164
2019-08-22 14:59:00+02:00,1907.1,1907.8,1907.1,1907.6,269
2019-08-22 15:00:00+02:00,1907.5,1907.6,1907.2,1907.5,229
2019-08-22 15:01:00+02:00,1907.5,1909.4,1907.5,1908.7,1691
2019-08-22 15:02:00+02:00,1908.6,1909.4,1908.6,1909.2,780
2019-08-22 15:03:00+02:00,1909.2,1909.4,1908.9,1909.0,573
2019-08-22 15:04:00+02:00,1909.1,1909.1,1908.6,1908.8,437
2019-08-22 15:05:00+02:00,1908.8,1908.9,1908.1,1908.2,663
2019-08-22 15:06:00+02:00,1908.2,1909.4,1908.2,1909.1,786
2019-08-22 15:07:00+02:00,1909.2,1909.2,1908.6,1908.6,409
2019-08-22 15:08:00+02:00,1908.7,1909.1,1908.4,1909.1,395
2019-08-22 15:09:00+02:00,1909.1,1909.4,1908.5,1908.9,987
2019-08-22 15:10:00+02:00,1908.9,1909.0,1908.6,1908.7,126
2019-08-22 15:11:00+02:00,1908.8,1909.2,1908.4,1908.5,586
2019-08-22 15:12:00+02:00,1908.4,1909.0,1908.4,1908.9,244
2019-08-22 15:13:00+02:00,1908.9,1909.3,1908.8,1908.8,360
2019-08-22 15:14:00+02:00,1908.9,1908.9,1908.2,1908.5,493
2019-08-22 15:15:00+02:00,1908.5,1908.8,1908.2,1908.5,358
2019-08-22 15:16:00+02:00,1908.4,1908.6,1908.2,1908.3,203
2019-08-22 15:17:00+02:00,1908.3,1908.6,1908.3,1908.4,651
2019-08-22 15:18:00+02:00,1908.4,1908.8,1908.4,1908.4,668
2019-08-22 15:19:00+02:00,1908.4,1908.4,1908.2,1908.3,132
2019-08-22 15:20:00+02:00,1908.3,1908.4,1908.2,1908.4,109
2019-08-22 15:21:00+02:00,1908.3,1909.2,1908.2,1908.9,306
2019-08-22 15:22:00+02:00,1908.9,1909.2,1908.9,1909.0,286
2019-08-22 15:23:00+02:00,1909.0,1909.8,1909.0,1909.7,476
2019-08-22 15:24:00+02:00,1909.6,1910.4,1909.4,1910.1,1008
2019-08-22 15:25:00+02:00,1910.0,1910.4,1909.6,1910.3,491
2019-08-22 15:26:00+02:00,1910.2,1910.5,1909.9,1910.0,623
2019-08-22 15:27:00+02:00,1910.0,1910.1,1909.8,1909.9,250
2019-08-22 15:28:00+02:00,1909.9,1910.1,1909.7,1910.1,151
2019-08-22 15:29:00+02:00,1910.2,1910.2,1909.5,1909.5,258
2019-08-22 15:30:00+02:00,1909.6,1910.0,1909.5,1909.9,343
2019-08-22 15:31:00+02:00,1910.0,1910.2,1909.6,1910.0,337
2019-08-22 15:32:00+02:00,1910.0,1910.5,1909.8,1910.4,586
2019-08-22 15:33:00+02:00,1910.3,1910.5,1909.9,1910.3,438
2019-08-22 15:34:00+02:00,1910.3,1911.7,1910.2,1910.7,2043
2019-08-22 15:35:00+02:00,1910.8,1911.1,1910.5,1911.0,555
2019-08-22 15:36:00+02:00,1910.9,1911.6,1910.7,1910.9,682
2019-08-22 15:37:00+02:00,1910.9,1911.9,1910.9,1911.5,962
2019-08-22 15:38:00+02:00,1911.6,1911.7,1910.8,1910.8,504
2019-08-22 15:39:00+02:00,1910.8,1911.0,1910.6,1910.9,328
2019-08-22 15:40:00+02:00,1911.0,1911.4,1911.0,1911.0,270
2019-08-22 15:41:00+02:00,1911.1,1911.1,1910.3,1910.5,637
2019-08-22 15:42:00+02:00,1910.5,1910.6,1910.2,1910.5,452
2019-08-22 15:43:00+02:00,1910.5,1911.0,1910.5,1910.9,796
2019-08-22 15:44:00+02:00,1910.9,1911.0,1910.7,1911.0,571
2019-08-22 15:45:00+02:00,1911.0,1911.0,1910.4,1910.9,327
2019-08-22 15:46:00+02:00,1911.0,1915.0,1911.0,1913.7,5859
2019-08-22 15:47:00+02:00,1913.7,1914.6,1913.6,1913.7,2212
2019-08-22 15:48:00+02:00,1913.7,1914.6,1913.0,1914.5,1945
2019-08-22 15:49:00+02:00,1914.5,1915.5,1914.3,1915.0,2740
2019-08-22 15:50:00+02:00,1915.0,1915.2,1914.1,1915.0,1112
2019-08-22 15:51:00+02:00,1915.0,1915.5,1914.1,1914.3,1316
2019-08-22 15:52:00+02:00,1914.3,1914.8,1913.9,1913.9,1067
2019-08-22 15:53:00+02:00,1914.0,1914.6,1913.8,1914.4,1162
2019-08-22 15:54:00+02:00,1914.4,1914.5,1914.1,1914.4,409
2019-08-22 15:55:00+02:00,1914.5,1914.5,1913.1,1913.3,957
2019-08-22 15:56:00+02:00,1913.4,1913.6,1913.1,1913.3,1328
2019-08-22 15:57:00+02:00,1913.3,1913.3,1912.9,1913.1,739
2019-08-22 15:58:00+02:00,1913.1,1913.7,1913.0,1913.2,787
2019-08-22 15:59:00+02:00,1913.3,1913.6,1912.9,1913.4,650
2019-08-22 16:00:00+02:00,1913.4,1913.9,1913.4,1913.5,605
2019-08-22 16:01:00+02:00,1913.5,1913.5,1912.5,1912.5,963
2019-08-22 16:02:00+02:00,1912.6,1913.0,1912.5,1912.8,624
2019-08-22 16:03:00+02:00,1912.8,1913.1,1912.5,1913.0,381
2019-08-22 16:04:00+02:00,1913.1,1913.2,1912.7,1913.0,489
2019-08-22 16:05:00+02:00,1913.0,1913.1,1912.7,1912.8,227
2019-08-22 16:06:00+02:00,1912.8,1912.9,1912.5,1912.5,545
2019-08-22 16:07:00+02:00,1912.6,1912.6,1912.2,1912.3,628
2019-08-22 16:08:00+02:00,1912.3,1912.3,1911.4,1911.7,1103
2019-08-22 16:09:00+02:00,1911.7,1911.7,1910.6,1910.8,1455
2019-08-22 16:10:00+02:00,1910.7,1911.2,1910.3,1911.1,1062
2019-08-22 16:11:00+02:00,1911.1,1911.3,1910.6,1911.2,452
2019-08-22 16:12:00+02:00,1911.3,1911.5,1911.2,1911.4,412
2019-08-22 16:13:00+02:00,1911.4,1911.6,1911.1,1911.4,299
2019-08-22 16:14:00+02:00,1911.4,1911.4,1910.3,1910.4,528
2019-08-22 16:15:00+02:00,1910.5,1910.9,1910.3,1910.8,437
2019-08-22 16:16:00+02:00,1910.9,1911.0,1909.8,1910.3,779
2019-08-22 16:17:00+02:00,1910.2,1910.6,1910.2,1910.2,501
2019-08-22 16:18:00+02:00,1910.3,1910.8,1909.9,1910.7,627
2019-08-22 16:19:00+02:00,1910.7,1911.0,1910.5,1910.8,436
2019-08-22 16:20:00+02:00,1910.8,1910.9,1909.2,1909.4,1198
2019-08-22 16:21:00+02:00,1909.4,1909.9,1909.3,1909.8,937
2019-08-22 16:22:00+02:00,1909.8,1909.9,1909.4,1909.6,327
2019-08-22 16:23:00+02:00,1909.6,1910.1,1909.5,1909.7,391
2019-08-22 16:24:00+02:00,1909.6,1909.7,1909.1,1909.3,808
2019-08-22 16:25:00+02:00,1909.2,1909.3,1908.4,1908.6,917
2019-08-22 16:26:00+02:00,1908.6,1908.8,1907.9,1908.5,1251
2019-08-22 16:27:00+02:00,1908.6,1908.9,1908.5,1908.8,547
2019-08-22 16:28:00+02:00,1908.7,1909.1,1908.7,1909.0,611
2019-08-22 16:29:00+02:00,1909.0,1909.4,1908.7,1909.1,755
2019-08-22 16:30:00+02:00,1909.0,1909.3,1908.7,1909.3,571
2019-08-22 16:31:00+02:00,1909.2,1910.1,1909.1,1909.9,727
2019-08-22 16:32:00+02:00,1909.9,1910.7,1909.9,1910.6,766
2019-08-22 16:33:00+02:00,1910.7,1910.9,1910.3,1910.8,718
2019-08-22 16:34:00+02:00,1910.7,1911.6,1910.7,1911.4,959
2019-08-22 16:35:00+02:00,1911.5,1911.6,1911.0,1911.5,767
2019-08-22 16:36:00+02:00,1911.6,1911.6,1911.1,1911.3,517
2019-08-22 16:37:00+02:00,1911.4,1912.4,1911.4,1911.9,866
2019-08-22 16:38:00+02:00,1912.0,1912.0,1911.2,1911.3,561
2019-08-22 16:39:00+02:00,1911.2,1911.3,1910.5,1910.5,570
2019-08-22 16:40:00+02:00,1910.5,1910.7,1910.3,1910.4,278
2019-08-22 16:41:00+02:00,1910.3,1910.8,1910.3,1910.7,435
2019-08-22 16:42:00+02:00,1910.7,1910.8,1910.5,1910.5,284
2019-08-22 16:43:00+02:00,1910.5,1910.6,1909.7,1909.9,513
2019-08-22 16:44:00+02:00,1909.8,1909.9,1909.5,1909.7,458
2019-08-22 16:45:00+02:00,1909.7,1910.6,1909.7,1910.3,265
2019-08-22 16:46:00+02:00,1910.4,1910.7,1910.2,1910.3,246
2019-08-22 16:47:00+02:00,1910.3,1910.4,1909.8,1910.2,297
2019-08-22 16:48:00+02:00,1910.3,1910.6,1910.0,1910.2,410
2019-08-22 16:49:00+02:00,1910.3,1910.3,1909.6,1909.7,369
2019-08-22 16:50:00+02:00,1909.7,1910.1,1909.4,1909.8,554
2019-08-22 16:51:00+02:00,1909.8,1909.8,1909.2,1909.4,359
2019-08-22 16:52:00+02:00,1909.4,1909.9,1909.4,1909.7,143
2019-08-22 16:53:00+02:00,1909.7,1910.3,1909.6,1910.2,224
2019-08-22 16:54:00+02:00,1910.2,1910.5,1909.9,1910.4,272
2019-08-22 16:55:00+02:00,1910.4,1910.9,1910.3,1910.9,265
2019-08-22 16:56:00+02:00,1910.9,1910.9,1910.6,1910.6,231
2019-08-22 16:57:00+02:00,1910.5,1910.5,1910.2,1910.5,180
2019-08-22 16:58:00+02:00,1910.5,1911.0,1910.3,1910.7,229
2019-08-22 16:59:00+02:00,1910.8,1911.3,1910.8,1911.3,267
2019-08-22 17:00:00+02:00,1911.3,1911.7,1911.2,1911.3,531
2019-08-22 17:01:00+02:00,1911.3,1911.4,1910.4,1910.8,609
2019-08-22 17:02:00+02:00,1910.7,1911.5,1910.7,1911.4,429
2019-08-22 17:03:00+02:00,1911.4,1911.6,1911.2,1911.5,237
2019-08-22 17:04:00+02:00,1911.6,1912.2,1911.4,1912.0,596
2019-08-22 17:05:00+02:00,1911.9,1913.0,1911.8,1912.8,945
2019-08-22 17:06:00+02:00,1912.8,1913.6,1912.3,1912.5,1293
2019-08-22 17:07:00+02:00,1912.4,1912.7,1912.2,1912.2,267
2019-08-22 17:08:00+02:00,1912.2,1912.3,1911.7,1911.8,462
2019-08-22 17:09:00+02:00,1911.8,1911.9,1911.4,1911.5,318
2019-08-22 17:10:00+02:00,1911.6,1911.6,1911.3,1911.6,239
2019-08-22 17:11:00+02:00,1911.6,1911.9,1911.6,1911.8,275
2019-08-22 17:12:00+02:00,1911.9,1912.1,1911.8,1911.9,189
2019-08-22 17:13:00+02:00,1911.9,1912.2,1911.7,1911.9,154
2019-08-22 17:14:00+02:00,1911.9,1911.9,1911.5,1911.5,162
2019-08-22 17:15:00+02:00,1911.4,1911.6,1911.2,1911.4,189
2019-08-22 17:16:00+02:00,1911.5,1911.9,1911.3,1911.7,148
2019-08-22 17:17:00+02:00,1911.8,1911.9,1911.4,1911.5,120
2019-08-22 17:18:00+02:00,1911.5,1911.5,1911.1,1911.5,251
2019-08-22 17:19:00+02:00,1911.5,1911.8,1911.4,1911.5,142
2019-08-22 17:20:00+02:00,1911.5,1911.5,1911.2,1911.3,120
2019-08-22 17:21:00+02:00,1911.2,1911.3,1911.1,1911.2,112
2019-08-22 17:22:00+02:00,1911.3,1911.4,1911.2,1911.2,124
2019-08-22 17:23:00+02:00,1911.2,1911.3,1911.0,1911.1,111
2019-08-22 17:24:00+02:00,1911.1,1911.2,1910.9,1911.0,120
2019-08-22 17:25:00+02:00,1911.0,1911.1,1910.6,1910.8,238
2019-08-22 17:26:00+02:00,1910.7,1911.0,1910.7,1910.9,131
2019-08-22 17:27:00+02:00,1910.9,1911.1,1910.9,1911.0,120
2019-08-22 17:28:00+02:00,1910.9,1911.1,1910.5,1911.1,192
2019-08-22 17:29:00+02:00,1911.0,1911.4,1911.0,1911.2,151
2019-08-22 17:30:00+02:00,1911.3,1911.6,1911.2,1911.5,110
2019-08-22 17:31:00+02:00,1911.4,1911.7,1911.2,1911.6,166
2019-08-22 17:32:00+02:00,1911.6,1911.9,1911.5,1911.8,274
2019-08-22 17:33:00+02:00,1911.9,1912.0,1911.7,1911.8,106
2019-08-22 17:34:00+02:00,1911.7,1911.8,1911.6,1911.8,119
2019-08-22 17:35:00+02:00,1911.7,1911.7,1911.3,1911.4,116
2019-08-22 17:36:00+02:00,1911.4,1911.4,1910.9,1911.0,221
2019-08-22 17:37:00+02:00,1911.0,1911.3,1910.9,1911.2,152
2019-08-22 17:38:00+02:00,1911.2,1911.5,1911.2,1911.5,86
2019-08-22 17:39:00+02:00,1911.5,1911.5,1911.3,1911.5,142
2019-08-22 17:40:00+02:00,1911.6,1911.7,1911.5,1911.6,107
2019-08-22 17:41:00+02:00,1911.6,1911.6,1911.3,1911.5,96
2019-08-22 17:42:00+02:00,1911.5,1911.7,1911.5,1911.7,146
2019-08-22 17:43:00+02:00,1911.7,1911.9,1911.7,1911.9,97
2019-08-22 17:44:00+02:00,1911.8,1911.9,1911.7,1911.7,103
2019-08-22 17:45:00+02:00,1911.8,1912.2,1911.8,1912.1,188
2019-08-22 17:46:00+02:00,1912.1,1912.2,1911.9,1912.1,139
2019-08-22 17:47:00+02:00,1912.1,1912.1,1911.9,1912.0,150
2019-08-22 17:48:00+02:00,1912.0,1912.1,1911.8,1911.9,118
2019-08-22 17:49:00+02:00,1911.9,1912.0,1911.8,1911.9,57
2019-08-22 17:50:00+02:00,1911.9,1912.1,1911.9,1912.1,73
2019-08-22 17:51:00+02:00,1912.1,1912.1,1911.7,1911.7,109
2019-08-22 17:52:00+02:00,1911.8,1911.9,1911.6,1911.7,111
2019-08-22 17:53:00+02:00,1911.7,1911.7,1911.4,1911.4,155
2019-08-22 17:54:00+02:00,1911.3,1911.3,1910.7,1910.8,411
2019-08-22 17:55:00+02:00,1910.9,1911.2,1910.6,1911.1,345
2019-08-22 17:56:00+02:00,1911.1,1911.3,1910.9,1911.3,140
2019-08-22 17:57:00+02:00,1911.2,1911.4,1911.0,1911.3,100
2019-08-22 17:58:00+02:00,1911.3,1911.4,1911.1,1911.1,103
2019-08-22 17:59:00+02:00,1911.2,1911.4,1911.1,1911.4,70
2019-08-22 18:00:00+02:00,1911.4,1911.6,1911.3,1911.6,98
2019-08-22 18:01:00+02:00,1911.6,1911.7,1911.3,1911.4,233
2019-08-22 18:02:00+02:00,1911.3,1911.6,1911.3,1911.5,86
2019-08-22 18:03:00+02:00,1911.5,1911.9,1911.4,1911.6,223
2019-08-22 18:04:00+02:00,1911.6,1911.6,1911.1,1911.4,184
2019-08-22 18:05:00+02:00,1911.4,1911.5,1911.3,1911.4,68
2019-08-22 18:06:00+02:00,1911.4,1911.5,1911.2,1911.2,100
2019-08-22 18:07:00+02:00,1911.2,1911.2,1911.0,1911.1,163
2019-08-22 18:08:00+02:00,1911.0,1911.1,1910.8,1910.9,218
2019-08-22 18:09:00+02:00,1910.9,1911.3,1910.8,1911.3,159
2019-08-22 18:10:00+02:00,1911.3,1911.3,1910.8,1911.0,149
2019-08-22 18:11:00+02:00,1910.9,1911.0,1910.5,1910.6,324
2019-08-22 18:12:00+02:00,1910.5,1910.7,1909.9,1909.9,560
2019-08-22 18:13:00+02:00,1909.9,1910.5,1909.8,1909.9,444
2019-08-22 18:14:00+02:00,1909.9,1910.2,1909.8,1910.2,200
2019-08-22 18:15:00+02:00,1910.2,1910.2,1909.5,1909.8,710
2019-08-22 18:16:00+02:00,1909.7,1909.7,1908.9,1909.0,954
2019-08-22 18:17:00+02:00,1909.0,1909.7,1909.0,1909.7,232
2019-08-22 18:18:00+02:00,1909.6,1909.8,1909.5,1909.6,143
2019-08-22 18:19:00+02:00,1909.6,1909.6,1909.2,1909.3,129
2019-08-22 18:20:00+02:00,1909.3,1909.4,1908.9,1909.1,197
2019-08-22 18:21:00+02:00,1909.1,1909.4,1909.0,1909.3,226
2019-08-22 18:22:00+02:00,1909.3,1909.5,1909.1,1909.5,237
2019-08-22 18:23:00+02:00,1909.4,1909.7,1909.4,1909.4,310
2019-08-22 18:24:00+02:00,1909.4,1909.8,1909.4,1909.8,300
2019-08-22 18:25:00+02:00,1909.8,1910.2,1909.7,1910.2,792
2019-08-22 18:26:00+02:00,1910.1,1910.1,1909.9,1909.9,481
2019-08-22 18:27:00+02:00,1910.0,1910.9,1909.4,1909.7,1838
2019-08-22 18:28:00+02:00,1909.7,1909.8,1909.1,1909.2,300
2019-08-22 18:29:00+02:00,1909.3,1909.5,1909.1,1909.3,155
2019-08-22 18:30:00+02:00,1909.2,1909.3,1909.0,1909.2,249
2019-08-22 18:31:00+02:00,1909.1,1909.2,1908.9,1909.1,125
2019-08-22 18:32:00+02:00,1909.0,1909.3,1909.0,1909.3,140
2019-08-22 18:33:00+02:00,1909.2,1909.4,1909.1,1909.4,77
2019-08-22 18:34:00+02:00,1909.4,1909.4,1909.1,1909.2,221
2019-08-22 18:35:00+02:00,1909.2,1909.5,1909.1,1909.3,165
2019-08-22 18:36:00+02:00,1909.3,1909.7,1909.3,1909.5,197
2019-08-22 18:37:00+02:00,1909.5,1910.0,1909.4,1909.5,343
2019-08-22 18:38:00+02:00,1909.6,1909.6,1909.3,1909.3,138
2019-08-22 18:39:00+02:00,1909.3,1909.5,1909.3,1909.4,97
2019-08-22 18:40:00+02:00,1909.4,1909.4,1909.1,1909.1,95
2019-08-22 18:41:00+02:00,1909.2,1909.4,1909.1,1909.4,121
2019-08-22 18:42:00+02:00,1909.3,1909.5,1909.2,1909.3,124
2019-08-22 18:43:00+02:00,1909.3,1909.3,1909.0,1909.0,69
2019-08-22 18:44:00+02:00,1909.0,1909.1,1908.8,1909.0,277
2019-08-22 18:45:00+02:00,1909.0,1909.1,1908.7,1908.9,135
2019-08-22 18:46:00+02:00,1908.9,1909.3,1908.8,1909.3,202
2019-08-22 18:47:00+02:00,1909.3,1909.3,1908.9,1908.9,87
2019-08-22 18:48:00+02:00,1909.0,1909.1,1908.9,1908.9,245
2019-08-22 18:49:00+02:00,1908.9,1909.0,1908.8,1909.0,45
2019-08-22 18:50:00+02:00,1909.0,1909.1,1908.8,1908.8,159
2019-08-22 18:51:00+02:00,1908.8,1908.8,1908.5,1908.7,342
2019-08-22 18:52:00+02:00,1908.7,1909.1,1908.7,1908.9,166
2019-08-22 18:53:00+02:00,1908.8,1909.3,1908.8,1909.2,204
2019-08-22 18:54:00+02:00,1909.1,1909.4,1909.0,1909.4,253
2019-08-22 18:55:00+02:00,1909.3,1909.6,1909.2,1909.5,276
2019-08-22 18:56:00+02:00,1909.6,1909.7,1909.4,1909.6,120
2019-08-22 18:57:00+02:00,1909.6,1909.6,1909.4,1909.5,50
2019-08-22 18:58:00+02:00,1909.5,1910.0,1909.5,1909.9,206
2019-08-22 18:59:00+02:00,1909.9,1910.0,1909.8,1909.8,161
2019-08-22 19:00:00+02:00,1909.8,1910.1,1909.8,1909.8,143
2019-08-22 19:01:00+02:00,1909.9,1909.9,1909.6,1909.8,136
2019-08-22 19:02:00+02:00,1909.7,1910.4,1909.6,1910.1,279
2019-08-22 19:03:00+02:00,1910.2,1910.3,1909.9,1909.9,164
2019-08-22 19:04:00+02:00,1909.8,1910.0,1909.6,1910.0,250
2019-08-22 19:05:00+02:00,1910.0,1910.1,1909.9,1910.0,184
2019-08-22 19:06:00+02:00,1910.1,1910.4,1910.1,1910.4,214
2019-08-22 19:07:00+02:00,1910.4,1910.4,1910.1,1910.2,174
2019-08-22 19:08:00+02:00,1910.1,1910.4,1910.1,1910.3,91
2019-08-22 19:09:00+02:00,1910.3,1910.4,1910.2,1910.3,97
2019-08-22 19:10:00+02:00,1910.3,1910.4,1910.1,1910.3,175
2019-08-22 19:11:00+02:00,1910.3,1910.3,1909.9,1910.1,99
2019-08-22 19:12:00+02:00,1910.1,1910.2,1910.0,1910.1,122
2019-08-22 19:13:00+02:00,1910.1,1910.3,1910.1,1910.2,57
2019-08-22 19:14:00+02:00,1910.1,1910.1,1909.8,1909.9,90
2019-08-22 19:15:00+02:00,1910.0,1910.0,1909.4,1909.5,454
2019-08-22 19:16:00+02:00,1909.4,1909.5,1909.2,1909.2,290
2019-08-22 19:17:00+02:00,1909.3,1909.5,1909.2,1909.2,186
2019-08-22 19:18:00+02:00,1909.2,1909.5,1909.2,1909.4,66
2019-08-22 19:19:00+02:00,1909.4,1909.5,1909.3,1909.4,82
2019-08-22 19:20:00+02:00,1909.5,1909.9,1909.4,1909.9,168
2019-08-22 19:21:00+02:00,1909.8,1909.8,1909.7,1909.8,109
2019-08-22 19:22:00+02:00,1909.7,1910.1,1909.6,1910.0,125
2019-08-22 19:23:00+02:00,1909.9,1910.2,1909.9,1910.0,120
2019-08-22 19:24:00+02:00,1910.0,1910.2,1909.8,1910.2,130
2019-08-22 19:25:00+02:00,1910.2,1910.3,1909.7,1909.8,147
2019-08-22 19:26:00+02:00,1909.9,1910.1,1909.8,1909.8,110
2019-08-22 19:27:00+02:00,1909.8,1910.0,1909.7,1910.0,42
2019-08-22 19:28:00+02:00,1910.1,1910.1,1909.4,1909.5,401
2019-08-22 19:29:00+02:00,1909.5,1909.6,1909.0,1909.2,834
2019-08-22 19:30:00+02:00,1909.2,1909.9,1909.2,1909.5,812
2019-08-22 19:31:00+02:00,1909.5,1910.2,1909.5,1910.1,222
2019-08-22 19:32:00+02:00,1910.2,1910.4,1909.8,1909.9,256
2019-08-22 19:33:00+02:00,1910.0,1910.1,1910.0,1910.0,140
2019-08-22 19:34:00+02:00,1910.0,1910.0,1909.5,1909.7,184
2019-08-22 19:35:00+02:00,1909.7,1909.8,1909.6,1909.8,76
2019-08-22 19:36:00+02:00,1909.8,1910.0,1909.7,1910.0,68
2019-08-22 19:37:00+02:00,1910.0,1910.1,1910.0,1910.0,65
2019-08-22 19:38:00+02:00,1910.0,1910.1,1910.0,1910.0,64
2019-08-22 19:39:00+02:00,1910.1,1910.1,1910.0,1910.1,139
2019-08-22 19:40:00+02:00,1910.1,1910.1,1909.8,1910.0,93
2019-08-22 19:41:00+02:00,1910.1,1910.1,1909.8,1909.8,98
2019-08-22 19:42:00+02:00,1909.8,1910.1,1909.8,1910.0,123
2019-08-22 19:43:00+02:00,1910.0,1910.0,1909.8,1909.8,105
2019-08-22 19:44:00+02:00,1909.9,1910.0,1909.8,1909.9,33
2019-08-22 19:45:00+02:00,1909.9,1910.1,1909.9,1910.1,35
2019-08-22 19:46:00+02:00,1910.1,1910.1,1910.0,1910.0,68
2019-08-22 19:47:00+02:00,1910.0,1910.1,1910.0,1910.0,32
2019-08-22 19:48:00+02:00,1910.1,1910.2,1910.0,1910.2,70
2019-08-22 19:49:00+02:00,1910.2,1910.6,1910.1,1910.5,164
2019-08-22 19:50:00+02:00,1910.5,1910.6,1910.5,1910.6,115
2019-08-22 19:51:00+02:00,1910.7,1911.0,1910.6,1910.8,319
2019-08-22 19:52:00+02:00,1910.9,1911.1,1910.8,1911.1,70
2019-08-22 19:53:00+02:00,1911.1,1911.1,1910.8,1911.0,76
2019-08-22 19:54:00+02:00,1911.1,1911.1,1910.7,1910.7,84
2019-08-22 19:55:00+02:00,1910.8,1910.8,1910.5,1910.6,54
2019-08-22 19:56:00+02:00,1910.5,1910.5,1910.3,1910.4,86
2019-08-22 19:57:00+02:00,1910.4,1910.6,1910.4,1910.6,23
2019-08-22 19:58:00+02:00,1910.6,1910.6,1910.4,1910.4,38
2019-08-22 19:59:00+02:00,1910.4,1910.4,1910.1,1910.3,100
2019-08-22 20:00:00+02:00,1910.2,1910.3,1910.0,1910.3,72
2019-08-22 20:01:00+02:00,1910.2,1910.3,1910.0,1910.3,81
2019-08-22 20:02:00+02:00,1910.2,1910.2,1910.1,1910.1,32
2019-08-22 20:03:00+02:00,1910.0,1910.2,1910.0,1910.1,23
2019-08-22 20:04:00+02:00,1910.2,1910.5,1910.1,1910.5,51
2019-08-22 20:05:00+02:00,1910.5,1910.5,1910.4,1910.5,46
2019-08-22 20:06:00+02:00,1910.6,1910.6,1910.4,1910.6,109
2019-08-22 20:07:00+02:00,1910.7,1910.9,1910.6,1910.6,92
2019-08-22 20:08:00+02:00,1910.6,1910.8,1910.5,1910.5,69
2019-08-22 20:09:00+02:00,1910.6,1910.6,1910.3,1910.6,71
2019-08-22 20:10:00+02:00,1910.6,1910.7,1910.5,1910.7,37
2019-08-22 20:11:00+02:00,1910.7,1910.8,1910.5,1910.5,47
2019-08-22 20:12:00+02:00,1910.6,1910.8,1910.6,1910.7,56
2019-08-22 20:13:00+02:00,1910.6,1910.9,1910.6,1910.7,46
2019-08-22 20:14:00+02:00,1910.8,1910.9,1910.7,1910.7,53
2019-08-22 20:15:00+02:00,1910.7,1910.7,1910.5,1910.6,56
2019-08-22 20:16:00+02:00,1910.6,1910.7,1910.6,1910.7,55
2019-08-22 20:17:00+02:00,1910.6,1910.6,1910.5,1910.6,24
2019-08-22 20:18:00+02:00,1910.6,1910.9,1910.6,1910.7,84
2019-08-22 20:19:00+02:00,1910.8,1910.8,1910.7,1910.7,44
2019-08-22 20:20:00+02:00,1910.8,1910.9,1910.8,1910.9,57
2019-08-22 20:21:00+02:00,1910.9,1911.0,1910.8,1910.9,56
2019-08-22 20:22:00+02:00,1910.9,1911.1,1910.9,1911.1,53
2019-08-22 20:23:00+02:00,1911.1,1911.1,1911.0,1911.0,85
2019-08-22 20:24:00+02:00,1911.0,1911.1,1911.0,1911.0,8
2019-08-22 20:25:00+02:00,1911.1,1911.2,1910.9,1911.0,129
2019-08-22 20:26:00+02:00,1911.0,1911.1,1911.0,1911.0,14
2019-08-22 20:27:00+02:00,1910.9,1911.1,1910.9,1911.0,123
2019-08-22 20:28:00+02:00,1911.0,1911.2,1910.8,1910.9,165
2019-08-22 20:29:00+02:00,1911.0,1911.0,1910.8,1910.8,131
2019-08-22 20:30:00+02:00,1910.8,1911.0,1910.7,1910.9,69
2019-08-22 20:31:00+02:00,1910.9,1911.6,1910.9,1911.4,169
2019-08-22 20:32:00+02:00,1911.4,1911.5,1911.2,1911.3,51
2019-08-22 20:33:00+02:00,1911.3,1911.4,1911.2,1911.3,28
2019-08-22 20:34:00+02:00,1911.3,1911.4,1911.2,1911.2,33
2019-08-22 20:35:00+02:00,1911.3,1911.5,1911.3,1911.5,53
2019-08-22 20:36:00+02:00,1911.6,1911.6,1911.4,1911.4,72
2019-08-22 20:37:00+02:00,1911.3,1911.6,1911.3,1911.6,64
2019-08-22 20:38:00+02:00,1911.5,1911.6,1911.2,1911.4,66
2019-08-22 20:39:00+02:00,1911.5,1911.5,1911.3,1911.4,42
2019-08-22 20:40:00+02:00,1911.3,1911.6,1911.3,1911.4,35
2019-08-22 20:41:00+02:00,1911.4,1911.5,1911.3,1911.4,23
2019-08-22 20:42:00+02:00,1911.3,1911.4,1911.0,1911.1,74
2019-08-22 20:43:00+02:00,1911.1,1911.5,1911.0,1911.1,275
2019-08-22 20:44:00+02:00,1911.1,1911.2,1910.9,1911.0,43
2019-08-22 20:45:00+02:00,1910.9,1910.9,1910.6,1910.8,71
2019-08-22 20:46:00+02:00,1910.8,1910.8,1910.3,1910.5,167
2019-08-22 20:47:00+02:00,1910.5,1910.6,1910.2,1910.4,245
2019-08-22 20:48:00+02:00,1910.5,1910.8,1910.3,1910.8,70
2019-08-22 20:49:00+02:00,1910.7,1910.7,1910.5,1910.7,33
2019-08-22 20:50:00+02:00,1910.8,1910.9,1910.7,1910.7,84
2019-08-22 20:51:00+02:00,1910.7,1910.9,1910.6,1910.9,74
2019-08-22 20:52:00+02:00,1911.0,1911.0,1910.8,1910.9,46
2019-08-22 20:53:00+02:00,1910.9,1910.9,1910.7,1910.7,339
2019-08-22 20:54:00+02:00,1910.7,1910.9,1910.6,1910.7,438
2019-08-22 20:55:00+02:00,1910.6,1910.7,1910.5,1910.6,102
2019-08-22 20:56:00+02:00,1910.6,1910.7,1910.5,1910.6,256
2019-08-22 20:57:00+02:00,1910.6,1910.7,1910.4,1910.5,236
2019-08-22 20:58:00+02:00,1910.5,1910.6,1910.3,1910.5,197
2019-08-22 20:59:00+02:00,1910.4,1910.6,1910.4,1910.5,155
2019-08-22 21:00:00+02:00,1910.4,1910.4,1909.8,1909.9,201
2019-08-22 21:01:00+02:00,1909.9,1910.1,1909.8,1910.1,148
2019-08-22 21:02:00+02:00,1910.1,1910.3,1910.0,1910.2,238
2019-08-22 21:03:00+02:00,1910.3,1910.3,1910.1,1910.1,78
2019-08-22 21:04:00+02:00,1910.1,1910.4,1910.0,1910.2,364
2019-08-22 21:05:00+02:00,1910.1,1910.2,1910.0,1910.1,150
2019-08-22 21:06:00+02:00,1910.1,1910.3,1910.0,1910.2,366
2019-08-22 21:07:00+02:00,1910.2,1910.2,1909.9,1909.9,37
2019-08-22 21:08:00+02:00,1910.0,1910.0,1909.9,1910.0,25
2019-08-22 21:09:00+02:00,1910.0,1910.1,1909.9,1909.9,74
2019-08-22 21:10:00+02:00,1909.8,1910.0,1909.8,1909.9,26
2019-08-22 21:11:00+02:00,1909.9,1910.1,1909.9,1910.1,36
2019-08-22 21:12:00+02:00,1910.0,1910.2,1910.0,1910.1,84
2019-08-22 21:13:00+02:00,1910.1,1910.1,1909.9,1910.1,53
2019-08-22 21:14:00+02:00,1910.2,1910.3,1910.2,1910.2,27
2019-08-22 21:15:00+02:00,1910.3,1910.4,1910.3,1910.3,33
2019-08-22 21:16:00+02:00,1910.4,1910.4,1910.2,1910.4,189
2019-08-22 21:17:00+02:00,1910.3,1910.4,1910.3,1910.4,82
2019-08-22 21:18:00+02:00,1910.3,1910.4,1910.3,1910.4,43
2019-08-22 21:19:00+02:00,1910.4,1910.4,1910.3,1910.3,22
2019-08-22 21:20:00+02:00,1910.3,1910.3,1909.9,1909.9,167
2019-08-22 21:21:00+02:00,1909.9,1910.0,1909.7,1909.9,71
2019-08-22 21:22:00+02:00,1909.9,1910.0,1909.8,1910.0,31
2019-08-22 21:23:00+02:00,1909.9,1910.0,1909.9,1909.9,29
2019-08-22 21:24:00+02:00,1909.9,1910.0,1909.8,1909.9,22
2019-08-22 21:25:00+02:00,1910.0,1910.0,1909.9,1910.0,9
2019-08-22 21:26:00+02:00,1909.9,1910.0,1909.9,1910.0,25
2019-08-22 21:27:00+02:00,1910.0,1910.0,1909.9,1909.9,14
2019-08-22 21:28:00+02:00,1909.9,1909.9,1909.6,1909.8,93
2019-08-22 21:29:00+02:00,1909.9,1909.9,1909.7,1909.7,45
2019-08-22 21:30:00+02:00,1909.7,1909.9,1909.4,1909.6,122
2019-08-22 21:31:00+02:00,1909.5,1909.5,1909.2,1909.3,220
2019-08-22 21:32:00+02:00,1909.4,1909.5,1909.2,1909.3,92
2019-08-22 21:33:00+02:00,1909.3,1909.4,1909.3,1909.3,15
2019-08-22 21:34:00+02:00,1909.4,1909.4,1909.2,1909.3,34
2019-08-22 21:35:00+02:00,1909.4,1909.4,1909.3,1909.4,14
2019-08-22 21:36:00+02:00,1909.5,1909.6,1909.3,1909.4,42
2019-08-22 21:37:00+02:00,1909.5,1909.7,1909.5,1909.5,58
2019-08-22 21:38:00+02:00,1909.5,1909.5,1909.4,1909.5,19
2019-08-22 21:39:00+02:00,1909.4,1909.7,1909.4,1909.6,29
2019-08-22 21:40:00+02:00,1909.6,1909.6,1909.1,1909.4,140
2019-08-22 21:41:00+02:00,1909.4,1909.5,1909.4,1909.4,30
2019-08-22 21:42:00+02:00,1909.5,1909.7,1909.5,1909.6,71
2019-08-22 21:43:00+02:00,1909.6,1909.7,1909.5,1909.6,16
2019-08-22 21:44:00+02:00,1909.6,1909.6,1909.5,1909.5,23
2019-08-22 21:45:00+02:00,1909.6,1909.7,1909.5,1909.5,126
2019-08-22 21:46:00+02:00,1909.6,1909.7,1909.5,1909.7,22
2019-08-22 21:47:00+02:00,1909.6,1909.7,1909.1,1909.5,222
2019-08-22 21:48:00+02:00,1909.5,1909.5,1909.3,1909.4,59
2019-08-22 21:49:00+02:00,1909.3,1909.5,1909.3,1909.4,41
2019-08-22 21:50:00+02:00,1909.5,1909.7,1909.5,1909.7,91
2019-08-22 21:51:00+02:00,1909.8,1909.8,1909.7,1909.7,81
2019-08-22 21:52:00+02:00,1909.7,1909.9,1909.6,1909.6,42
2019-08-22 21:53:00+02:00,1909.7,1909.8,1909.6,1909.8,64
2019-08-22 21:54:00+02:00,1909.7,1909.8,1909.6,1909.7,108
2019-08-22 21:55:00+02:00,1909.6,1909.6,1909.4,1909.5,43
2019-08-22 21:56:00+02:00,1909.6,1910.0,1909.5,1909.6,120
2019-08-22 21:57:00+02:00,1909.7,1910.1,1909.6,1910.0,92
2019-08-22 21:58:00+02:00,1910.0,1910.0,1909.8,1910.0,83
2019-08-22 21:59:00+02:00,1910.0,1910.2,1909.9,1910.2,92
2019-08-22 22:00:00+02:00,1910.3,1910.3,1909.9,1910.0,85
2019-08-22 22:01:00+02:00,1910.0,1910.2,1909.9,1910.2,51
2019-08-22 22:02:00+02:00,1910.2,1910.6,1910.1,1910.5,204
2019-08-22 22:03:00+02:00,1910.4,1910.4,1910.3,1910.4,20
2019-08-22 22:04:00+02:00,1910.4,1910.5,1910.4,1910.5,37
2019-08-22 22:05:00+02:00,1910.5,1910.5,1910.1,1910.2,28
2019-08-22 22:06:00+02:00,1910.2,1910.3,1910.1,1910.3,48
2019-08-22 22:07:00+02:00,1910.3,1910.3,1910.0,1910.0,12
2019-08-22 22:08:00+02:00,1910.0,1910.1,1909.9,1909.9,12
2019-08-22 22:09:00+02:00,1910.0,1910.0,1910.0,1910.0,7
2019-08-22 22:10:00+02:00,1910.2,1910.3,1910.1,1910.1,19
2019-08-22 22:11:00+02:00,1910.1,1910.1,1909.9,1909.9,14
2019-08-22 22:12:00+02:00,1909.9,1909.9,1909.8,1909.8,31
2019-08-22 22:13:00+02:00,1909.8,1909.8,1909.8,1909.8,2
2019-08-22 22:14:00+02:00,1909.9,1909.9,1909.7,1909.7,18
2019-08-22 22:15:00+02:00,1909.8,1909.8,1909.8,1909.8,1
2019-08-22 22:16:00+02:00,1909.8,1910.0,1909.8,1909.8,22
2019-08-22 22:17:00+02:00,1909.8,1909.8,1909.8,1909.8,1
2019-08-22 22:18:00+02:00,1909.9,1909.9,1909.8,1909.8,4
2019-08-22 22:19:00+02:00,1909.8,1909.8,1909.8,1909.8,4
2019-08-22 22:20:00+02:00,1909.9,1910.0,1909.9,1909.9,15
2019-08-22 22:21:00+02:00,1909.9,1909.9,1909.9,1909.9,13
2019-08-22 22:22:00+02:00,1909.9,1910.0,1909.9,1909.9,18
2019-08-22 22:23:00+02:00,1909.8,1909.8,1909.8,1909.8,1
2019-08-22 22:24:00+02:00,1909.8,1909.9,1909.8,1909.8,12
2019-08-22 22:25:00+02:00,1909.9,1909.9,1909.7,1909.7,10
2019-08-22 22:26:00+02:00,1909.8,1909.8,1909.4,1909.5,59
2019-08-22 22:27:00+02:00,1909.5,1909.7,1909.5,1909.5,20
2019-08-22 22:28:00+02:00,1909.6,1909.6,1909.3,1909.3,49
2019-08-22 22:29:00+02:00,1909.4,1909.5,1909.4,1909.5,4
2019-08-22 22:30:00+02:00,1909.5,1909.5,1909.4,1909.4,6
2019-08-22 22:31:00+02:00,1909.4,1909.6,1909.2,1909.3,52
2019-08-22 22:32:00+02:00,1909.2,1909.4,1909.2,1909.3,25
2019-08-22 22:33:00+02:00,1909.3,1909.3,1909.2,1909.3,5
2019-08-22 22:34:00+02:00,1909.3,1909.3,1909.1,1909.1,57
2019-08-22 22:35:00+02:00,1909.2,1909.2,1908.8,1908.9,83
2019-08-22 22:36:00+02:00,1909.0,1909.0,1908.7,1908.8,61
2019-08-22 22:37:00+02:00,1908.8,1908.8,1908.7,1908.7,8
2019-08-22 22:38:00+02:00,1908.8,1908.9,1908.8,1908.9,28
2019-08-22 22:39:00+02:00,1908.9,1908.9,1908.8,1908.8,9
2019-08-22 22:40:00+02:00,1908.8,1908.9,1908.7,1908.7,21
2019-08-22 22:41:00+02:00,1908.8,1908.9,1908.7,1908.8,18
2019-08-22 22:42:00+02:00,1908.9,1908.9,1908.8,1908.8,25
2019-08-22 22:43:00+02:00,1908.9,1908.9,1908.8,1908.8,6
2019-08-22 22:44:00+02:00,1909.0,1909.0,1908.9,1909.0,9
2019-08-22 22:45:00+02:00,1909.1,1909.3,1909.0,1909.3,14
2019-08-22 22:46:00+02:00,1909.2,1909.3,1909.1,1909.2,30
2019-08-22 22:47:00+02:00,1909.2,1909.2,1909.1,1909.2,9
2019-08-22 22:48:00+02:00,1909.3,1909.3,1909.1,1909.2,38
2019-08-22 22:49:00+02:00,1909.2,1909.4,1909.2,1909.2,12
2019-08-22 22:50:00+02:00,1909.2,1909.2,1909.0,1909.0,15
2019-08-22 22:51:00+02:00,1909.0,1909.2,1908.8,1909.1,59
2019-08-22 22:52:00+02:00,1909.1,1909.1,1908.7,1908.8,35
2019-08-22 22:53:00+02:00,1908.8,1909.0,1908.8,1909.0,10
2019-08-22 22:54:00+02:00,1909.1,1909.1,1908.9,1909.1,7
2019-08-22 22:55:00+02:00,1909.1,1909.1,1909.0,1909.0,6
2019-08-22 22:56:00+02:00,1909.0,1909.0,1908.7,1909.0,47
2019-08-22 22:57:00+02:00,1909.1,1909.1,1909.0,1909.1,9
2019-08-22 22:58:00+02:00,1909.1,1909.1,1909.0,1909.1,13
2019-08-22 22:59:00+02:00,1909.0,1909.0,1908.9,1908.9,19
2019-08-22 23:00:00+02:00,1908.9,1909.2,1908.7,1908.7,37
