timestamp,open,high,low,close,volume
2016-01-25 00:01:00+01:00,1596.5,1596.9,1596.5,1596.8,94
2016-01-25 00:02:00+01:00,1596.8,1596.9,1596.7,1596.9,17
2016-01-25 00:03:00+01:00,1596.9,1597.0,1596.6,1597.0,25
2016-01-25 00:04:00+01:00,1597.0,1597.0,1596.9,1596.9,5
2016-01-25 00:05:00+01:00,1596.9,1597.0,1596.8,1596.9,11
2016-01-25 00:06:00+01:00,1596.9,1597.0,1596.8,1596.9,37
2016-01-25 00:07:00+01:00,1597.0,1597.1,1597.0,1597.1,15
2016-01-25 00:08:00+01:00,1597.1,1597.1,1597.0,1597.0,12
2016-01-25 00:09:00+01:00,1596.9,1597.0,1596.8,1597.0,21
2016-01-25 00:10:00+01:00,1596.9,1596.9,1596.8,1596.8,22
2016-01-25 00:11:00+01:00,1596.8,1597.0,1596.8,1596.9,49
2016-01-25 00:12:00+01:00,1597.0,1597.1,1596.9,1597.1,16
2016-01-25 00:13:00+01:00,1597.1,1597.1,1597.0,1597.1,7
2016-01-25 00:14:00+01:00,1597.0,1597.1,1596.9,1597.1,39
2016-01-25 00:15:00+01:00,1597.1,1597.1,1597.1,1597.1,5
2016-01-25 00:16:00+01:00,1597.1,1597.3,1597.0,1597.2,29
2016-01-25 00:17:00+01:00,1597.1,1597.1,1597.0,1597.0,10
2016-01-25 00:18:00+01:00,1597.1,1597.1,1597.0,1597.0,27
2016-01-25 00:19:00+01:00,1597.0,1597.1,1596.9,1597.0,86
2016-01-25 00:20:00+01:00,1597.0,1597.0,1596.9,1596.9,4
2016-01-25 00:21:00+01:00,1596.9,1596.9,1596.9,1596.9,8
2016-01-25 00:22:00+01:00,1596.8,1596.8,1596.7,1596.7,15
2016-01-25 00:23:00+01:00,1596.8,1596.8,1596.7,1596.7,9
2016-01-25 00:24:00+01:00,1596.8,1596.8,1596.8,1596.8,8
2016-01-25 00:25:00+01:00,1596.8,1596.8,1596.8,1596.8,4
2016-01-25 00:27:00+01:00,1596.7,1596.8,1596.7,1596.8,2
2016-01-25 00:28:00+01:00,1596.8,1596.8,1596.8,1596.8,1
2016-01-25 00:30:00+01:00,1596.9,1596.9,1596.8,1596.9,9
2016-01-25 00:31:00+01:00,1596.8,1596.8,1596.8,1596.8,3
2016-01-25 00:32:00+01:00,1596.7,1596.8,1596.7,1596.8,3
2016-01-25 00:35:00+01:00,1596.8,1596.8,1596.8,1596.8,5
2016-01-25 00:36:00+01:00,1596.8,1596.8,1596.8,1596.8,2
2016-01-25 00:37:00+01:00,1596.8,1596.8,1596.8,1596.8,4
2016-01-25 00:38:00+01:00,1596.8,1596.8,1596.8,1596.8,5
2016-01-25 00:40:00+01:00,1596.8,1596.8,1596.8,1596.8,1
2016-01-25 00:41:00+01:00,1596.7,1596.7,1596.7,1596.7,16
2016-01-25 00:42:00+01:00,1596.6,1596.6,1596.6,1596.6,7
2016-01-25 00:43:00+01:00,1596.6,1596.6,1596.5,1596.5,7
2016-01-25 00:44:00+01:00,1596.5,1596.5,1596.4,1596.4,4
2016-01-25 00:45:00+01:00,1596.4,1596.4,1596.4,1596.4,6
2016-01-25 00:46:00+01:00,1596.5,1596.5,1596.3,1596.3,12
2016-01-25 00:47:00+01:00,1596.3,1596.4,1596.3,1596.3,5
2016-01-25 00:48:00+01:00,1596.3,1596.3,1596.3,1596.3,2
2016-01-25 00:49:00+01:00,1596.3,1596.3,1596.3,1596.3,3
2016-01-25 00:50:00+01:00,1596.4,1596.4,1596.3,1596.4,12
2016-01-25 00:51:00+01:00,1596.4,1596.5,1596.4,1596.5,18
2016-01-25 00:52:00+01:00,1596.5,1596.7,1596.5,1596.6,12
2016-01-25 00:53:00+01:00,1596.6,1596.7,1596.6,1596.6,4
2016-01-25 00:55:00+01:00,1596.8,1596.8,1596.8,1596.8,8
2016-01-25 00:56:00+01:00,1596.9,1596.9,1596.8,1596.8,13
2016-01-25 00:57:00+01:00,1596.8,1596.8,1596.8,1596.8,3
2016-01-25 00:59:00+01:00,1596.9,1597.0,1596.9,1597.0,17
2016-01-25 01:00:00+01:00,1596.9,1597.0,1596.9,1597.0,3
2016-01-25 01:01:00+01:00,1596.9,1597.0,1596.8,1596.9,25
2016-01-25 01:02:00+01:00,1596.9,1597.1,1596.9,1597.1,8
2016-01-25 01:03:00+01:00,1597.0,1597.1,1597.0,1597.1,2
2016-01-25 01:04:00+01:00,1597.0,1597.1,1597.0,1597.1,17
2016-01-25 01:05:00+01:00,1597.1,1597.3,1597.1,1597.3,22
2016-01-25 01:06:00+01:00,1597.3,1597.4,1597.2,1597.3,41
2016-01-25 01:07:00+01:00,1597.3,1597.7,1597.3,1597.7,80
2016-01-25 01:08:00+01:00,1597.7,1597.7,1597.5,1597.5,34
2016-01-25 01:09:00+01:00,1597.4,1597.4,1597.2,1597.2,40
2016-01-25 01:10:00+01:00,1597.2,1597.2,1597.1,1597.1,33
2016-01-25 01:11:00+01:00,1597.0,1597.1,1597.0,1597.1,20
2016-01-25 01:12:00+01:00,1597.1,1597.2,1597.1,1597.1,11
2016-01-25 01:13:00+01:00,1597.1,1597.2,1597.0,1597.1,6
2016-01-25 01:14:00+01:00,1597.1,1597.1,1597.0,1597.0,15
2016-01-25 01:15:00+01:00,1596.9,1597.1,1596.9,1597.1,20
2016-01-25 01:16:00+01:00,1597.1,1597.2,1597.1,1597.2,7
2016-01-25 01:17:00+01:00,1597.2,1597.5,1597.2,1597.5,43
2016-01-25 01:18:00+01:00,1597.4,1597.6,1597.4,1597.4,26
2016-01-25 01:19:00+01:00,1597.4,1597.5,1597.3,1597.4,30
2016-01-25 01:20:00+01:00,1597.3,1597.3,1597.2,1597.2,9
2016-01-25 01:21:00+01:00,1597.1,1597.2,1597.1,1597.2,8
2016-01-25 01:22:00+01:00,1597.2,1597.2,1597.1,1597.1,12
2016-01-25 01:23:00+01:00,1597.2,1597.3,1597.2,1597.2,9
2016-01-25 01:24:00+01:00,1597.2,1597.3,1597.2,1597.3,2
2016-01-25 01:25:00+01:00,1597.1,1597.1,1597.1,1597.1,1
2016-01-25 01:26:00+01:00,1597.2,1597.2,1597.0,1597.1,34
2016-01-25 01:27:00+01:00,1597.1,1597.2,1597.1,1597.2,12
2016-01-25 01:28:00+01:00,1597.3,1597.3,1597.1,1597.1,16
2016-01-25 01:29:00+01:00,1597.1,1597.1,1597.1,1597.1,2
2016-01-25 01:30:00+01:00,1597.2,1597.3,1597.2,1597.3,13
2016-01-25 01:31:00+01:00,1597.2,1597.2,1597.2,1597.2,3
2016-01-25 01:32:00+01:00,1597.2,1597.5,1597.2,1597.4,13
2016-01-25 01:33:00+01:00,1597.4,1597.5,1597.4,1597.5,4
2016-01-25 01:34:00+01:00,1597.5,1597.7,1597.4,1597.7,36
2016-01-25 01:35:00+01:00,1597.7,1597.7,1597.6,1597.6,5
2016-01-25 01:36:00+01:00,1597.6,1597.6,1597.6,1597.6,7
2016-01-25 01:37:00+01:00,1597.6,1597.7,1597.5,1597.7,10
2016-01-25 01:38:00+01:00,1597.6,1597.7,1597.6,1597.7,7
2016-01-25 01:39:00+01:00,1597.6,1597.7,1597.5,1597.6,19
2016-01-25 01:40:00+01:00,1597.6,1597.6,1597.5,1597.5,44
2016-01-25 01:41:00+01:00,1597.5,1597.7,1597.4,1597.7,36
2016-01-25 01:42:00+01:00,1597.7,1597.9,1597.6,1597.9,53
2016-01-25 01:43:00+01:00,1598.0,1598.1,1597.9,1598.1,24
2016-01-25 01:44:00+01:00,1598.1,1598.5,1597.7,1597.7,213
2016-01-25 01:45:00+01:00,1597.8,1597.9,1597.7,1597.7,29
2016-01-25 01:46:00+01:00,1597.7,1597.7,1597.4,1597.4,31
2016-01-25 01:47:00+01:00,1597.4,1597.5,1597.2,1597.2,19
2016-01-25 01:48:00+01:00,1597.2,1597.2,1597.1,1597.2,19
2016-01-25 01:50:00+01:00,1597.2,1597.3,1597.2,1597.3,2
2016-01-25 01:51:00+01:00,1597.3,1597.3,1597.2,1597.2,4
2016-01-25 01:52:00+01:00,1597.3,1597.4,1597.3,1597.4,14
2016-01-25 01:53:00+01:00,1597.5,1597.5,1597.3,1597.5,7
2016-01-25 01:54:00+01:00,1597.4,1597.4,1597.4,1597.4,1
2016-01-25 01:55:00+01:00,1597.5,1597.5,1597.4,1597.4,2
2016-01-25 01:56:00+01:00,1597.3,1597.6,1597.2,1597.4,68
2016-01-25 01:57:00+01:00,1597.4,1597.5,1597.4,1597.4,36
2016-01-25 01:58:00+01:00,1597.4,1597.4,1597.2,1597.2,56
2016-01-25 01:59:00+01:00,1597.1,1597.1,1597.0,1597.1,15
2016-01-25 02:00:00+01:00,1597.1,1597.2,1597.1,1597.2,2
2016-01-25 02:01:00+01:00,1597.2,1597.3,1597.0,1597.0,57
2016-01-25 02:02:00+01:00,1597.0,1597.2,1597.0,1597.2,49
2016-01-25 02:03:00+01:00,1597.2,1597.5,1597.2,1597.5,33
2016-01-25 02:04:00+01:00,1597.5,1598.1,1597.5,1597.7,135
2016-01-25 02:05:00+01:00,1597.8,1597.8,1597.6,1597.6,110
2016-01-25 02:06:00+01:00,1597.7,1597.7,1597.6,1597.7,29
2016-01-25 02:07:00+01:00,1597.6,1597.7,1597.5,1597.6,30
2016-01-25 02:08:00+01:00,1597.6,1597.8,1597.6,1597.6,20
2016-01-25 02:09:00+01:00,1597.6,1597.7,1597.5,1597.5,30
2016-01-25 02:10:00+01:00,1597.7,1597.9,1597.6,1597.9,52
2016-01-25 02:11:00+01:00,1597.9,1597.9,1597.8,1597.8,8
2016-01-25 02:12:00+01:00,1597.8,1597.8,1597.5,1597.6,46
2016-01-25 02:13:00+01:00,1597.6,1597.7,1597.6,1597.7,31
2016-01-25 02:14:00+01:00,1597.7,1597.9,1597.7,1597.8,37
2016-01-25 02:15:00+01:00,1597.8,1597.9,1597.8,1597.9,19
2016-01-25 02:16:00+01:00,1598.0,1598.3,1598.0,1598.1,50
2016-01-25 02:17:00+01:00,1598.1,1598.4,1598.1,1598.4,68
2016-01-25 02:18:00+01:00,1598.3,1598.5,1598.3,1598.4,19
2016-01-25 02:19:00+01:00,1598.3,1598.4,1598.3,1598.3,9
2016-01-25 02:20:00+01:00,1598.3,1598.3,1598.3,1598.3,12
2016-01-25 02:21:00+01:00,1598.3,1598.9,1598.3,1598.8,105
2016-01-25 02:22:00+01:00,1598.8,1598.9,1598.6,1598.6,67
2016-01-25 02:23:00+01:00,1598.8,1598.8,1598.7,1598.7,10
2016-01-25 02:24:00+01:00,1598.7,1599.5,1598.6,1599.2,144
2016-01-25 02:25:00+01:00,1599.1,1599.3,1599.0,1599.3,83
2016-01-25 02:26:00+01:00,1599.3,1599.8,1599.3,1599.5,141
2016-01-25 02:27:00+01:00,1599.5,1600.1,1599.5,1600.0,256
2016-01-25 02:28:00+01:00,1600.0,1600.2,1599.8,1599.9,91
2016-01-25 02:29:00+01:00,1599.8,1599.9,1599.5,1599.7,91
2016-01-25 02:30:00+01:00,1599.7,1599.7,1599.5,1599.5,34
2016-01-25 02:31:00+01:00,1599.6,1600.0,1599.6,1599.9,66
2016-01-25 02:32:00+01:00,1600.0,1600.0,1599.4,1599.5,89
2016-01-25 02:33:00+01:00,1599.4,1599.5,1599.1,1599.3,103
2016-01-25 02:34:00+01:00,1599.3,1599.4,1599.1,1599.2,74
2016-01-25 02:35:00+01:00,1599.2,1599.2,1598.8,1598.8,154
2016-01-25 02:36:00+01:00,1598.8,1599.4,1598.4,1599.2,191
2016-01-25 02:37:00+01:00,1599.1,1599.2,1599.0,1599.1,19
2016-01-25 02:38:00+01:00,1599.1,1599.3,1599.1,1599.3,18
2016-01-25 02:39:00+01:00,1599.5,1599.8,1599.5,1599.6,93
2016-01-25 02:40:00+01:00,1599.7,1599.8,1599.5,1599.6,30
2016-01-25 02:41:00+01:00,1599.7,1599.7,1599.5,1599.6,35
2016-01-25 02:42:00+01:00,1599.6,1599.6,1599.4,1599.5,16
2016-01-25 02:43:00+01:00,1599.5,1599.5,1599.5,1599.5,1
2016-01-25 02:44:00+01:00,1599.5,1599.6,1599.5,1599.5,10
2016-01-25 02:45:00+01:00,1599.7,1599.8,1599.5,1599.6,51
2016-01-25 02:46:00+01:00,1599.5,1599.7,1599.5,1599.5,31
2016-01-25 02:47:00+01:00,1599.5,1599.6,1599.4,1599.6,27
2016-01-25 02:48:00+01:00,1599.5,1599.5,1599.4,1599.5,31
2016-01-25 02:49:00+01:00,1599.5,1599.6,1599.3,1599.5,36
2016-01-25 02:50:00+01:00,1599.4,1599.5,1599.3,1599.4,7
2016-01-25 02:52:00+01:00,1599.4,1599.4,1599.3,1599.3,19
2016-01-25 02:53:00+01:00,1599.2,1599.2,1599.1,1599.1,27
2016-01-25 02:54:00+01:00,1599.1,1599.1,1598.9,1598.9,25
2016-01-25 02:55:00+01:00,1598.9,1599.2,1598.8,1599.2,72
2016-01-25 02:56:00+01:00,1599.2,1599.3,1599.0,1599.0,7
2016-01-25 02:57:00+01:00,1599.0,1599.2,1598.9,1598.9,20
2016-01-25 02:58:00+01:00,1599.0,1599.1,1598.9,1599.0,8
2016-01-25 02:59:00+01:00,1599.1,1599.1,1598.9,1599.0,22
2016-01-25 03:00:00+01:00,1599.0,1599.2,1599.0,1599.2,16
2016-01-25 03:01:00+01:00,1599.2,1599.4,1599.2,1599.3,44
2016-01-25 03:02:00+01:00,1599.4,1599.5,1599.3,1599.3,27
2016-01-25 03:03:00+01:00,1599.2,1599.2,1599.1,1599.1,4
2016-01-25 03:04:00+01:00,1599.1,1599.2,1598.9,1599.1,28
2016-01-25 03:05:00+01:00,1599.1,1599.1,1599.0,1599.0,16
2016-01-25 03:06:00+01:00,1599.0,1599.0,1598.8,1598.9,39
2016-01-25 03:07:00+01:00,1598.9,1598.9,1598.9,1598.9,8
2016-01-25 03:08:00+01:00,1598.9,1598.9,1598.9,1598.9,5
2016-01-25 03:09:00+01:00,1598.9,1599.0,1598.9,1599.0,6
2016-01-25 03:10:00+01:00,1598.9,1599.2,1598.9,1599.1,27
2016-01-25 03:11:00+01:00,1599.0,1599.0,1598.9,1598.9,23
2016-01-25 03:12:00+01:00,1598.8,1598.9,1598.7,1598.9,39
2016-01-25 03:13:00+01:00,1598.9,1599.0,1598.9,1599.0,10
2016-01-25 03:14:00+01:00,1598.9,1599.0,1598.9,1599.0,9
2016-01-25 03:15:00+01:00,1598.9,1599.0,1598.8,1598.8,56
2016-01-25 03:16:00+01:00,1598.8,1599.1,1598.8,1599.1,49
2016-01-25 03:17:00+01:00,1599.1,1599.3,1599.1,1599.1,26
2016-01-25 03:18:00+01:00,1599.1,1599.2,1599.0,1599.2,23
2016-01-25 03:19:00+01:00,1599.1,1599.2,1599.0,1599.1,19
2016-01-25 03:20:00+01:00,1599.0,1599.0,1599.0,1599.0,1
2016-01-25 03:21:00+01:00,1599.1,1599.2,1599.1,1599.2,9
2016-01-25 03:22:00+01:00,1599.3,1599.3,1599.2,1599.2,14
2016-01-25 03:23:00+01:00,1599.1,1599.3,1599.1,1599.2,8
2016-01-25 03:24:00+01:00,1599.2,1599.2,1599.1,1599.1,9
2016-01-25 03:25:00+01:00,1599.1,1599.2,1599.1,1599.2,9
2016-01-25 03:26:00+01:00,1599.2,1599.3,1599.2,1599.2,10
2016-01-25 03:27:00+01:00,1599.2,1599.2,1599.0,1599.0,15
2016-01-25 03:28:00+01:00,1599.1,1599.1,1599.0,1599.0,3
2016-01-25 03:29:00+01:00,1599.0,1599.0,1599.0,1599.0,5
2016-01-25 03:30:00+01:00,1599.0,1599.1,1598.9,1599.0,23
2016-01-25 03:31:00+01:00,1599.1,1599.3,1599.0,1599.3,42
2016-01-25 03:32:00+01:00,1599.3,1599.4,1599.2,1599.3,20
2016-01-25 03:33:00+01:00,1599.4,1599.5,1599.3,1599.5,28
2016-01-25 03:34:00+01:00,1599.4,1599.5,1599.3,1599.5,19
2016-01-25 03:35:00+01:00,1599.5,1599.7,1599.5,1599.5,52
2016-01-25 03:36:00+01:00,1599.5,1599.5,1599.4,1599.4,30
2016-01-25 03:37:00+01:00,1599.4,1599.4,1599.2,1599.3,20
2016-01-25 03:38:00+01:00,1599.4,1599.4,1599.3,1599.3,7
2016-01-25 03:39:00+01:00,1599.3,1599.4,1599.2,1599.3,8
2016-01-25 03:40:00+01:00,1599.3,1599.6,1599.3,1599.3,49
2016-01-25 03:41:00+01:00,1599.4,1599.4,1599.2,1599.4,17
2016-01-25 03:42:00+01:00,1599.4,1599.5,1599.3,1599.3,14
2016-01-25 03:43:00+01:00,1599.4,1599.4,1599.2,1599.3,71
2016-01-25 03:44:00+01:00,1599.3,1599.3,1599.1,1599.1,62
2016-01-25 03:45:00+01:00,1599.2,1599.2,1599.0,1599.1,48
2016-01-25 03:46:00+01:00,1599.1,1599.1,1599.1,1599.1,5
2016-01-25 03:47:00+01:00,1599.1,1599.2,1599.1,1599.2,34
2016-01-25 03:48:00+01:00,1599.1,1599.5,1599.1,1599.5,17
2016-01-25 03:49:00+01:00,1599.4,1599.5,1599.3,1599.5,23
2016-01-25 03:50:00+01:00,1599.5,1599.6,1599.5,1599.5,5
2016-01-25 03:51:00+01:00,1599.5,1599.7,1599.5,1599.7,33
2016-01-25 03:52:00+01:00,1599.6,1599.7,1599.6,1599.6,5
2016-01-25 03:53:00+01:00,1599.7,1599.7,1599.6,1599.6,24
2016-01-25 03:54:00+01:00,1599.7,1599.7,1599.6,1599.7,9
2016-01-25 03:55:00+01:00,1599.7,1599.7,1599.7,1599.7,9
2016-01-25 03:56:00+01:00,1599.7,1599.9,1599.7,1599.8,26
2016-01-25 03:57:00+01:00,1599.8,1599.8,1599.8,1599.8,17
2016-01-25 03:58:00+01:00,1599.9,1600.0,1599.8,1599.9,29
2016-01-25 03:59:00+01:00,1599.9,1600.0,1599.8,1600.0,17
2016-01-25 04:00:00+01:00,1599.9,1600.0,1599.9,1600.0,24
2016-01-25 04:01:00+01:00,1599.9,1600.1,1599.8,1599.8,75
2016-01-25 04:02:00+01:00,1599.9,1600.1,1599.9,1600.0,37
2016-01-25 04:03:00+01:00,1600.0,1600.0,1599.9,1600.0,27
2016-01-25 04:04:00+01:00,1600.0,1600.2,1599.9,1600.1,55
2016-01-25 04:05:00+01:00,1600.2,1600.6,1600.2,1600.4,147
2016-01-25 04:06:00+01:00,1600.5,1600.5,1600.3,1600.3,49
2016-01-25 04:07:00+01:00,1600.2,1600.2,1600.0,1600.0,49
2016-01-25 04:08:00+01:00,1600.0,1600.2,1600.0,1600.2,8
2016-01-25 04:09:00+01:00,1600.3,1600.3,1600.1,1600.2,26
2016-01-25 04:10:00+01:00,1600.2,1600.3,1600.2,1600.2,7
2016-01-25 04:11:00+01:00,1600.1,1600.2,1600.1,1600.2,13
2016-01-25 04:12:00+01:00,1600.2,1600.3,1600.2,1600.3,9
2016-01-25 04:13:00+01:00,1600.1,1600.1,1599.9,1599.9,45
2016-01-25 04:14:00+01:00,1599.9,1599.9,1599.9,1599.9,2
2016-01-25 04:15:00+01:00,1600.0,1600.0,1600.0,1600.0,8
2016-01-25 04:16:00+01:00,1600.0,1600.1,1600.0,1600.1,6
2016-01-25 04:17:00+01:00,1600.1,1600.8,1600.0,1600.6,230
2016-01-25 04:18:00+01:00,1600.7,1600.9,1600.6,1600.8,113
2016-01-25 04:19:00+01:00,1600.7,1601.1,1600.7,1601.0,56
2016-01-25 04:20:00+01:00,1601.1,1601.1,1600.8,1601.0,87
2016-01-25 04:21:00+01:00,1601.0,1601.2,1600.8,1600.8,125
2016-01-25 04:22:00+01:00,1600.8,1600.9,1600.6,1600.6,61
2016-01-25 04:23:00+01:00,1600.7,1600.7,1600.5,1600.5,74
2016-01-25 04:24:00+01:00,1600.6,1600.6,1600.5,1600.6,27
2016-01-25 04:25:00+01:00,1600.6,1600.8,1600.6,1600.7,32
2016-01-25 04:26:00+01:00,1600.7,1600.7,1600.4,1600.4,23
2016-01-25 04:27:00+01:00,1600.5,1600.5,1600.3,1600.4,41
2016-01-25 04:28:00+01:00,1600.4,1600.4,1600.4,1600.4,10
2016-01-25 04:29:00+01:00,1600.4,1600.4,1600.4,1600.4,7
2016-01-25 04:30:00+01:00,1600.4,1600.5,1600.3,1600.5,25
2016-01-25 04:31:00+01:00,1600.6,1600.7,1600.6,1600.7,20
2016-01-25 04:32:00+01:00,1600.7,1600.7,1600.5,1600.5,27
2016-01-25 04:33:00+01:00,1600.5,1600.5,1600.4,1600.5,17
2016-01-25 04:34:00+01:00,1600.4,1600.4,1600.3,1600.4,23
2016-01-25 04:35:00+01:00,1600.3,1600.3,1600.3,1600.3,6
2016-01-25 04:36:00+01:00,1600.3,1600.4,1600.3,1600.4,16
2016-01-25 04:37:00+01:00,1600.3,1600.4,1600.3,1600.4,8
2016-01-25 04:38:00+01:00,1600.3,1600.3,1600.2,1600.2,24
2016-01-25 04:39:00+01:00,1600.2,1600.2,1600.2,1600.2,2
2016-01-25 04:40:00+01:00,1600.3,1600.3,1600.3,1600.3,1
2016-01-25 04:41:00+01:00,1600.4,1600.4,1600.2,1600.2,14
2016-01-25 04:42:00+01:00,1600.2,1600.4,1600.2,1600.3,12
2016-01-25 04:43:00+01:00,1600.4,1600.4,1600.4,1600.4,1
2016-01-25 04:44:00+01:00,1600.3,1600.4,1600.3,1600.4,2
2016-01-25 04:45:00+01:00,1600.4,1600.5,1600.4,1600.5,7
2016-01-25 04:46:00+01:00,1600.4,1600.5,1600.4,1600.5,3
2016-01-25 04:47:00+01:00,1600.4,1600.5,1600.4,1600.5,20
2016-01-25 04:49:00+01:00,1600.5,1600.7,1600.5,1600.7,13
2016-01-25 04:50:00+01:00,1600.7,1600.7,1600.7,1600.7,3
2016-01-25 04:51:00+01:00,1600.7,1600.7,1600.7,1600.7,9
2016-01-25 04:52:00+01:00,1600.7,1600.8,1600.7,1600.7,5
2016-01-25 04:53:00+01:00,1600.8,1600.8,1600.8,1600.8,1
2016-01-25 04:54:00+01:00,1600.8,1600.8,1600.7,1600.7,12
2016-01-25 04:55:00+01:00,1600.6,1600.7,1600.6,1600.7,2
2016-01-25 04:56:00+01:00,1600.7,1600.7,1600.7,1600.7,1
2016-01-25 04:57:00+01:00,1600.7,1600.7,1600.5,1600.6,19
2016-01-25 04:58:00+01:00,1600.5,1600.7,1600.5,1600.7,3
2016-01-25 04:59:00+01:00,1600.7,1600.7,1600.7,1600.7,3
2016-01-25 05:00:00+01:00,1600.8,1600.8,1600.8,1600.8,12
2016-01-25 05:01:00+01:00,1600.8,1601.1,1600.8,1601.0,58
2016-01-25 05:02:00+01:00,1601.0,1601.1,1600.9,1600.9,14
2016-01-25 05:03:00+01:00,1600.9,1600.9,1600.9,1600.9,7
2016-01-25 05:04:00+01:00,1600.9,1600.9,1600.8,1600.8,8
2016-01-25 05:05:00+01:00,1600.9,1600.9,1600.8,1600.8,8
2016-01-25 05:06:00+01:00,1600.9,1600.9,1600.9,1600.9,5
2016-01-25 05:08:00+01:00,1600.9,1600.9,1600.8,1600.8,10
2016-01-25 05:09:00+01:00,1600.8,1600.9,1600.7,1600.7,27
2016-01-25 05:10:00+01:00,1600.9,1600.9,1600.9,1600.9,4
2016-01-25 05:11:00+01:00,1600.7,1600.7,1600.7,1600.7,4
2016-01-25 05:12:00+01:00,1600.7,1600.8,1600.7,1600.8,2
2016-01-25 05:13:00+01:00,1600.8,1600.8,1600.8,1600.8,2
2016-01-25 05:14:00+01:00,1600.9,1600.9,1600.9,1600.9,5
2016-01-25 05:15:00+01:00,1600.8,1600.8,1600.8,1600.8,4
2016-01-25 05:16:00+01:00,1600.8,1600.8,1600.8,1600.8,2
2016-01-25 05:17:00+01:00,1600.8,1600.8,1600.8,1600.8,1
2016-01-25 05:18:00+01:00,1600.7,1600.7,1600.5,1600.5,20
2016-01-25 05:19:00+01:00,1600.5,1600.6,1600.5,1600.6,6
2016-01-25 05:20:00+01:00,1600.5,1600.8,1600.5,1600.7,19
2016-01-25 05:21:00+01:00,1600.7,1600.7,1600.5,1600.5,18
2016-01-25 05:22:00+01:00,1600.5,1600.6,1600.5,1600.6,2
2016-01-25 05:23:00+01:00,1600.5,1600.5,1600.5,1600.5,4
2016-01-25 05:24:00+01:00,1600.5,1600.7,1600.5,1600.7,8
2016-01-25 05:25:00+01:00,1600.5,1600.5,1600.5,1600.5,1
2016-01-25 05:26:00+01:00,1600.4,1600.4,1600.4,1600.4,2
2016-01-25 05:27:00+01:00,1600.4,1600.5,1600.4,1600.5,8
2016-01-25 05:28:00+01:00,1600.5,1600.5,1600.5,1600.5,1
2016-01-25 05:29:00+01:00,1600.6,1600.6,1600.5,1600.5,5
2016-01-25 05:30:00+01:00,1600.4,1600.4,1600.4,1600.4,4
2016-01-25 05:31:00+01:00,1600.5,1600.5,1600.3,1600.4,27
2016-01-25 05:32:00+01:00,1600.4,1600.4,1600.4,1600.4,1
2016-01-25 05:33:00+01:00,1600.4,1600.4,1600.4,1600.4,3
2016-01-25 05:34:00+01:00,1600.3,1600.4,1600.3,1600.4,3
2016-01-25 05:35:00+01:00,1600.5,1600.5,1600.3,1600.5,11
2016-01-25 05:36:00+01:00,1600.6,1600.6,1600.5,1600.5,11
2016-01-25 05:37:00+01:00,1600.6,1600.6,1600.5,1600.6,14
2016-01-25 05:38:00+01:00,1600.6,1600.7,1600.6,1600.7,3
2016-01-25 05:39:00+01:00,1600.7,1600.7,1600.6,1600.7,19
2016-01-25 05:40:00+01:00,1600.6,1600.6,1600.6,1600.6,1
2016-01-25 05:41:00+01:00,1600.6,1600.6,1600.5,1600.5,4
2016-01-25 05:42:00+01:00,1600.4,1600.4,1600.3,1600.3,8
2016-01-25 05:43:00+01:00,1600.3,1600.3,1600.2,1600.3,8
2016-01-25 05:44:00+01:00,1600.4,1600.4,1600.3,1600.3,2
2016-01-25 05:45:00+01:00,1600.4,1600.4,1600.3,1600.3,12
2016-01-25 05:46:00+01:00,1600.2,1600.3,1600.2,1600.3,3
2016-01-25 05:47:00+01:00,1600.3,1600.4,1600.3,1600.4,10
2016-01-25 05:48:00+01:00,1600.3,1600.5,1600.3,1600.4,15
2016-01-25 05:49:00+01:00,1600.4,1600.6,1600.3,1600.6,23
2016-01-25 05:50:00+01:00,1600.5,1600.5,1600.5,1600.5,2
2016-01-25 05:51:00+01:00,1600.5,1600.5,1600.5,1600.5,1
2016-01-25 05:52:00+01:00,1600.6,1600.6,1600.6,1600.6,2
2016-01-25 05:53:00+01:00,1600.6,1600.6,1600.6,1600.6,5
2016-01-25 05:54:00+01:00,1600.6,1600.6,1600.5,1600.5,3
2016-01-25 05:55:00+01:00,1600.5,1600.5,1600.5,1600.5,1
2016-01-25 05:56:00+01:00,1600.5,1600.6,1600.5,1600.6,7
2016-01-25 05:58:00+01:00,1600.6,1600.6,1600.5,1600.6,4
2016-01-25 05:59:00+01:00,1600.7,1601.1,1600.6,1601.1,53
2016-01-25 06:00:00+01:00,1601.0,1601.0,1600.9,1601.0,7
2016-01-25 06:01:00+01:00,1601.1,1601.1,1601.1,1601.1,48
2016-01-25 06:02:00+01:00,1601.0,1601.0,1600.8,1600.9,30
2016-01-25 06:03:00+01:00,1600.9,1601.0,1600.9,1601.0,5
2016-01-25 06:04:00+01:00,1600.9,1601.0,1600.9,1600.9,7
2016-01-25 06:05:00+01:00,1601.0,1601.0,1601.0,1601.0,2
2016-01-25 06:06:00+01:00,1601.0,1601.1,1600.9,1601.1,13
2016-01-25 06:07:00+01:00,1601.1,1601.1,1600.9,1600.9,6
2016-01-25 06:08:00+01:00,1600.9,1601.3,1600.9,1601.0,62
2016-01-25 06:09:00+01:00,1601.2,1601.3,1601.1,1601.3,17
2016-01-25 06:10:00+01:00,1601.2,1601.3,1601.1,1601.3,21
2016-01-25 06:11:00+01:00,1601.3,1601.3,1601.0,1601.0,47
2016-01-25 06:12:00+01:00,1600.9,1601.0,1600.9,1600.9,8
2016-01-25 06:13:00+01:00,1600.9,1601.0,1600.9,1601.0,9
2016-01-25 06:14:00+01:00,1601.0,1601.0,1600.9,1601.0,9
2016-01-25 06:15:00+01:00,1600.9,1601.0,1600.9,1600.9,27
2016-01-25 06:16:00+01:00,1600.9,1601.0,1600.9,1601.0,21
2016-01-25 06:17:00+01:00,1601.0,1601.0,1600.9,1600.9,3
2016-01-25 06:19:00+01:00,1600.9,1601.0,1600.8,1600.9,7
2016-01-25 06:20:00+01:00,1600.8,1600.9,1600.8,1600.9,5
2016-01-25 06:22:00+01:00,1600.9,1600.9,1600.9,1600.9,2
2016-01-25 06:23:00+01:00,1600.9,1600.9,1600.9,1600.9,2
2016-01-25 06:25:00+01:00,1600.8,1600.9,1600.8,1600.9,10
2016-01-25 06:28:00+01:00,1600.9,1600.9,1600.9,1600.9,4
2016-01-25 06:30:00+01:00,1601.0,1601.0,1600.8,1600.9,22
2016-01-25 06:31:00+01:00,1600.9,1601.0,1600.8,1600.8,49
2016-01-25 06:32:00+01:00,1600.8,1600.8,1600.8,1600.8,9
2016-01-25 06:33:00+01:00,1600.8,1600.9,1600.8,1600.8,11
2016-01-25 06:34:00+01:00,1600.7,1600.8,1600.6,1600.7,16
2016-01-25 06:35:00+01:00,1600.6,1600.7,1600.5,1600.6,50
2016-01-25 06:36:00+01:00,1600.7,1600.8,1600.5,1600.6,31
2016-01-25 06:37:00+01:00,1600.5,1600.7,1600.5,1600.7,13
2016-01-25 06:38:00+01:00,1600.7,1600.7,1600.6,1600.7,16
2016-01-25 06:39:00+01:00,1600.8,1600.8,1600.6,1600.7,22
2016-01-25 06:40:00+01:00,1600.6,1600.8,1600.6,1600.6,13
2016-01-25 06:41:00+01:00,1600.7,1600.7,1600.7,1600.7,6
2016-01-25 06:42:00+01:00,1600.7,1600.7,1600.7,1600.7,3
2016-01-25 06:43:00+01:00,1600.6,1600.7,1600.5,1600.7,14
2016-01-25 06:44:00+01:00,1600.7,1600.7,1600.5,1600.7,20
2016-01-25 06:45:00+01:00,1600.7,1600.7,1600.5,1600.5,15
2016-01-25 06:46:00+01:00,1600.5,1600.6,1600.4,1600.4,49
2016-01-25 06:47:00+01:00,1600.4,1600.5,1600.4,1600.5,28
2016-01-25 06:48:00+01:00,1600.5,1600.5,1600.2,1600.3,63
2016-01-25 06:49:00+01:00,1600.3,1600.3,1600.1,1600.2,55
2016-01-25 06:50:00+01:00,1600.2,1600.3,1600.2,1600.3,33
2016-01-25 06:51:00+01:00,1600.3,1600.3,1599.7,1600.0,160
2016-01-25 06:52:00+01:00,1599.9,1599.9,1599.6,1599.7,144
2016-01-25 06:53:00+01:00,1599.8,1599.9,1599.7,1599.8,58
2016-01-25 06:54:00+01:00,1599.8,1599.9,1599.8,1599.9,12
2016-01-25 06:55:00+01:00,1599.9,1599.9,1599.7,1599.9,79
2016-01-25 06:56:00+01:00,1599.7,1599.9,1599.7,1599.9,26
2016-01-25 06:57:00+01:00,1599.8,1599.9,1599.7,1599.8,46
2016-01-25 06:58:00+01:00,1599.9,1599.9,1599.7,1599.9,51
2016-01-25 06:59:00+01:00,1599.8,1599.9,1599.8,1599.8,24
2016-01-25 07:00:00+01:00,1599.8,1599.8,1599.7,1599.8,23
2016-01-25 07:01:00+01:00,1599.8,1599.8,1599.8,1599.8,30
2016-01-25 07:02:00+01:00,1599.8,1599.8,1599.8,1599.8,23
2016-01-25 07:03:00+01:00,1599.7,1599.7,1599.3,1599.4,147
2016-01-25 07:04:00+01:00,1599.5,1599.5,1599.3,1599.3,50
2016-01-25 07:05:00+01:00,1599.3,1599.4,1599.2,1599.3,13
2016-01-25 07:06:00+01:00,1599.3,1599.4,1599.3,1599.3,7
2016-01-25 07:07:00+01:00,1599.3,1599.4,1599.3,1599.4,16
2016-01-25 07:08:00+01:00,1599.3,1599.3,1599.3,1599.3,10
2016-01-25 07:09:00+01:00,1599.3,1599.4,1599.3,1599.4,10
2016-01-25 07:10:00+01:00,1599.5,1599.5,1599.3,1599.3,22
2016-01-25 07:11:00+01:00,1599.4,1599.4,1599.1,1599.1,16
2016-01-25 07:12:00+01:00,1599.1,1599.2,1599.1,1599.1,36
2016-01-25 07:13:00+01:00,1599.0,1599.1,1598.7,1599.0,142
2016-01-25 07:14:00+01:00,1599.0,1599.1,1599.0,1599.1,5
2016-01-25 07:15:00+01:00,1599.0,1599.5,1599.0,1599.2,100
2016-01-25 07:16:00+01:00,1599.2,1599.5,1599.1,1599.3,85
2016-01-25 07:17:00+01:00,1599.3,1599.4,1599.2,1599.3,14
2016-01-25 07:18:00+01:00,1599.4,1599.5,1599.3,1599.4,29
2016-01-25 07:19:00+01:00,1599.4,1599.5,1599.4,1599.4,4
2016-01-25 07:20:00+01:00,1599.5,1599.6,1599.4,1599.4,15
2016-01-25 07:21:00+01:00,1599.4,1599.7,1599.4,1599.5,61
2016-01-25 07:22:00+01:00,1599.5,1599.6,1599.4,1599.4,10
2016-01-25 07:23:00+01:00,1599.5,1599.6,1599.4,1599.4,12
2016-01-25 07:24:00+01:00,1599.4,1599.6,1599.4,1599.4,58
2016-01-25 07:25:00+01:00,1599.3,1599.5,1599.3,1599.3,17
2016-01-25 07:26:00+01:00,1599.4,1599.4,1599.3,1599.3,22
2016-01-25 07:27:00+01:00,1599.3,1599.3,1599.1,1599.2,19
2016-01-25 07:28:00+01:00,1599.3,1599.4,1599.1,1599.4,29
2016-01-25 07:29:00+01:00,1599.4,1599.5,1599.4,1599.5,9
2016-01-25 07:30:00+01:00,1599.5,1599.6,1599.5,1599.6,31
2016-01-25 07:31:00+01:00,1599.6,1599.6,1599.5,1599.6,6
2016-01-25 07:32:00+01:00,1599.6,1599.7,1599.6,1599.7,15
2016-01-25 07:33:00+01:00,1599.7,1599.8,1599.7,1599.8,23
2016-01-25 07:34:00+01:00,1599.7,1599.8,1599.7,1599.8,7
2016-01-25 07:35:00+01:00,1599.8,1599.9,1599.8,1599.9,59
2016-01-25 07:36:00+01:00,1599.9,1599.9,1599.8,1599.8,21
2016-01-25 07:37:00+01:00,1599.7,1599.9,1599.7,1599.9,59
2016-01-25 07:38:00+01:00,1599.8,1599.9,1599.8,1599.9,29
2016-01-25 07:39:00+01:00,1599.9,1600.0,1599.9,1599.9,26
2016-01-25 07:40:00+01:00,1599.9,1600.0,1599.9,1600.0,20
2016-01-25 07:41:00+01:00,1600.0,1600.0,1600.0,1600.0,6
2016-01-25 07:42:00+01:00,1599.9,1600.1,1599.9,1600.1,21
2016-01-25 07:43:00+01:00,1600.0,1600.5,1600.0,1600.4,77
2016-01-25 07:44:00+01:00,1600.4,1600.4,1600.4,1600.4,6
2016-01-25 07:45:00+01:00,1600.4,1600.4,1600.4,1600.4,8
2016-01-25 07:46:00+01:00,1600.3,1600.3,1600.1,1600.3,85
2016-01-25 07:47:00+01:00,1600.2,1600.2,1600.2,1600.2,19
2016-01-25 07:48:00+01:00,1600.1,1600.1,1600.1,1600.1,16
2016-01-25 07:49:00+01:00,1600.1,1600.1,1599.9,1599.9,31
2016-01-25 07:50:00+01:00,1599.9,1600.2,1599.9,1600.1,49
2016-01-25 07:51:00+01:00,1600.2,1600.2,1599.9,1599.9,23
2016-01-25 07:52:00+01:00,1600.1,1600.2,1600.1,1600.1,6
2016-01-25 07:53:00+01:00,1600.1,1600.1,1600.1,1600.1,1
2016-01-25 07:54:00+01:00,1600.1,1600.1,1600.0,1600.1,14
2016-01-25 07:55:00+01:00,1600.2,1600.2,1600.0,1600.0,13
2016-01-25 07:56:00+01:00,1600.1,1600.1,1600.0,1600.1,10
2016-01-25 07:57:00+01:00,1600.2,1600.2,1600.0,1600.0,11
2016-01-25 07:58:00+01:00,1600.0,1600.0,1599.9,1600.0,18
2016-01-25 07:59:00+01:00,1600.0,1600.1,1600.0,1600.1,15
2016-01-25 08:00:00+01:00,1600.1,1600.2,1600.0,1600.2,47
2016-01-25 08:01:00+01:00,1600.2,1600.3,1600.2,1600.2,42
2016-01-25 08:02:00+01:00,1600.3,1600.5,1600.3,1600.4,35
2016-01-25 08:03:00+01:00,1600.3,1600.4,1600.3,1600.4,7
2016-01-25 08:04:00+01:00,1600.3,1600.4,1600.2,1600.4,60
2016-01-25 08:05:00+01:00,1600.2,1600.2,1600.2,1600.2,11
2016-01-25 08:06:00+01:00,1600.2,1600.2,1600.2,1600.2,13
2016-01-25 08:07:00+01:00,1600.2,1600.2,1600.1,1600.2,9
2016-01-25 08:08:00+01:00,1600.2,1600.4,1600.2,1600.2,19
2016-01-25 08:09:00+01:00,1600.3,1600.4,1600.2,1600.3,33
2016-01-25 08:10:00+01:00,1600.3,1600.3,1600.2,1600.2,22
2016-01-25 08:11:00+01:00,1600.2,1600.2,1600.1,1600.1,10
2016-01-25 08:12:00+01:00,1600.2,1600.2,1600.0,1600.0,25
2016-01-25 08:13:00+01:00,1599.9,1600.1,1599.9,1600.1,21
2016-01-25 08:14:00+01:00,1600.1,1600.1,1600.1,1600.1,6
2016-01-25 08:15:00+01:00,1600.1,1600.1,1600.0,1600.0,19
2016-01-25 08:16:00+01:00,1599.9,1600.2,1599.9,1600.2,21
2016-01-25 08:17:00+01:00,1600.2,1600.7,1600.2,1600.7,102
2016-01-25 08:18:00+01:00,1600.7,1601.4,1600.6,1601.3,258
2016-01-25 08:19:00+01:00,1601.4,1601.5,1601.1,1601.3,277
2016-01-25 08:20:00+01:00,1601.3,1601.4,1601.0,1601.0,50
2016-01-25 08:21:00+01:00,1601.0,1601.0,1600.8,1600.8,42
2016-01-25 08:22:00+01:00,1600.9,1600.9,1600.9,1600.9,2
2016-01-25 08:23:00+01:00,1600.9,1600.9,1600.7,1600.8,38
2016-01-25 08:24:00+01:00,1600.7,1600.9,1600.7,1600.9,24
2016-01-25 08:25:00+01:00,1600.8,1600.9,1600.8,1600.8,18
2016-01-25 08:26:00+01:00,1600.9,1601.0,1600.9,1601.0,18
2016-01-25 08:27:00+01:00,1601.1,1601.1,1601.1,1601.1,9
2016-01-25 08:28:00+01:00,1601.1,1601.2,1601.0,1601.2,17
2016-01-25 08:29:00+01:00,1601.2,1601.3,1601.1,1601.1,27
2016-01-25 08:30:00+01:00,1601.1,1601.1,1600.9,1600.9,26
2016-01-25 08:31:00+01:00,1601.0,1602.0,1601.0,1601.6,275
2016-01-25 08:32:00+01:00,1601.6,1601.6,1601.4,1601.5,36
2016-01-25 08:33:00+01:00,1601.4,1601.4,1601.3,1601.3,44
2016-01-25 08:34:00+01:00,1601.3,1601.3,1601.2,1601.3,13
2016-01-25 08:35:00+01:00,1601.3,1601.3,1601.1,1601.1,35
2016-01-25 08:36:00+01:00,1601.1,1601.4,1601.1,1601.3,43
2016-01-25 08:37:00+01:00,1601.3,1601.8,1601.2,1601.8,164
2016-01-25 08:38:00+01:00,1601.8,1603.6,1601.8,1603.4,990
2016-01-25 08:39:00+01:00,1603.4,1604.1,1603.1,1603.7,619
2016-01-25 08:40:00+01:00,1603.7,1603.8,1603.5,1603.7,109
2016-01-25 08:41:00+01:00,1603.6,1603.7,1603.6,1603.7,54
2016-01-25 08:42:00+01:00,1603.7,1603.8,1603.6,1603.7,126
2016-01-25 08:43:00+01:00,1603.7,1603.7,1603.4,1603.4,62
2016-01-25 08:44:00+01:00,1603.5,1603.6,1603.3,1603.3,83
2016-01-25 08:45:00+01:00,1603.3,1603.3,1603.1,1603.3,78
2016-01-25 08:46:00+01:00,1603.4,1603.5,1603.3,1603.3,53
2016-01-25 08:47:00+01:00,1603.3,1603.4,1603.2,1603.2,43
2016-01-25 08:48:00+01:00,1603.2,1603.4,1603.2,1603.4,43
2016-01-25 08:49:00+01:00,1603.3,1603.3,1603.1,1603.3,46
2016-01-25 08:50:00+01:00,1603.4,1603.6,1603.4,1603.5,44
2016-01-25 08:51:00+01:00,1603.6,1603.6,1603.4,1603.5,39
2016-01-25 08:52:00+01:00,1603.5,1603.5,1603.4,1603.4,51
2016-01-25 08:53:00+01:00,1603.4,1603.4,1603.2,1603.2,23
2016-01-25 08:54:00+01:00,1603.2,1603.3,1603.0,1603.2,81
2016-01-25 08:55:00+01:00,1603.2,1603.3,1603.1,1603.1,22
2016-01-25 08:56:00+01:00,1603.2,1603.2,1602.8,1602.9,143
2016-01-25 08:57:00+01:00,1603.0,1603.2,1602.8,1603.2,123
2016-01-25 08:58:00+01:00,1603.1,1603.2,1603.1,1603.1,100
2016-01-25 08:59:00+01:00,1603.1,1603.3,1603.1,1603.2,87
2016-01-25 09:00:00+01:00,1603.1,1603.3,1603.0,1603.1,52
2016-01-25 09:01:00+01:00,1603.1,1603.2,1602.8,1602.9,191
2016-01-25 09:02:00+01:00,1602.9,1603.0,1602.7,1602.9,131
2016-01-25 09:03:00+01:00,1602.8,1602.9,1602.7,1602.7,59
2016-01-25 09:04:00+01:00,1602.7,1603.0,1602.6,1603.0,60
2016-01-25 09:05:00+01:00,1603.0,1603.1,1602.9,1602.9,83
2016-01-25 09:06:00+01:00,1602.9,1602.9,1602.7,1602.7,38
2016-01-25 09:07:00+01:00,1602.7,1602.9,1602.7,1602.8,117
2016-01-25 09:08:00+01:00,1602.8,1602.8,1602.6,1602.6,39
2016-01-25 09:09:00+01:00,1602.6,1602.7,1602.5,1602.6,89
2016-01-25 09:10:00+01:00,1602.5,1602.5,1602.3,1602.3,127
2016-01-25 09:11:00+01:00,1602.3,1602.7,1602.2,1602.5,84
2016-01-25 09:12:00+01:00,1602.5,1602.8,1602.5,1602.8,64
2016-01-25 09:13:00+01:00,1602.8,1603.0,1602.8,1602.9,35
2016-01-25 09:14:00+01:00,1602.8,1603.0,1602.8,1602.9,38
2016-01-25 09:15:00+01:00,1602.9,1602.9,1602.6,1602.6,55
2016-01-25 09:16:00+01:00,1602.7,1603.4,1602.7,1603.3,180
2016-01-25 09:17:00+01:00,1603.3,1603.6,1603.2,1603.3,107
2016-01-25 09:18:00+01:00,1603.3,1603.5,1603.2,1603.2,215
2016-01-25 09:19:00+01:00,1603.2,1603.3,1603.1,1603.1,73
2016-01-25 09:20:00+01:00,1603.1,1603.3,1603.0,1603.2,110
2016-01-25 09:21:00+01:00,1603.2,1603.4,1603.2,1603.3,92
2016-01-25 09:22:00+01:00,1603.3,1603.3,1603.0,1603.1,32
2016-01-25 09:23:00+01:00,1603.1,1603.1,1602.8,1602.9,41
2016-01-25 09:24:00+01:00,1603.0,1603.1,1603.0,1603.1,22
2016-01-25 09:25:00+01:00,1603.1,1603.3,1603.1,1603.2,15
2016-01-25 09:26:00+01:00,1603.2,1603.2,1603.0,1603.1,50
2016-01-25 09:27:00+01:00,1603.2,1603.3,1603.1,1603.1,12
2016-01-25 09:28:00+01:00,1603.0,1603.1,1603.0,1603.1,24
2016-01-25 09:29:00+01:00,1603.1,1603.3,1603.1,1603.1,36
2016-01-25 09:30:00+01:00,1603.2,1603.2,1603.0,1603.1,23
2016-01-25 09:31:00+01:00,1603.1,1603.3,1603.1,1603.1,26
2016-01-25 09:32:00+01:00,1603.1,1603.3,1603.1,1603.3,37
2016-01-25 09:33:00+01:00,1603.4,1603.5,1603.2,1603.4,48
2016-01-25 09:34:00+01:00,1603.4,1603.5,1603.3,1603.3,42
2016-01-25 09:35:00+01:00,1603.3,1603.4,1603.3,1603.4,35
2016-01-25 09:36:00+01:00,1603.4,1603.4,1603.3,1603.3,34
2016-01-25 09:37:00+01:00,1603.4,1603.4,1603.2,1603.3,24
2016-01-25 09:38:00+01:00,1603.3,1603.3,1603.1,1603.2,68
2016-01-25 09:39:00+01:00,1603.2,1603.7,1603.1,1603.5,116
2016-01-25 09:40:00+01:00,1603.5,1603.9,1603.5,1603.8,216
2016-01-25 09:41:00+01:00,1603.9,1604.8,1603.8,1603.8,457
2016-01-25 09:42:00+01:00,1603.8,1603.9,1603.7,1603.7,31
2016-01-25 09:43:00+01:00,1603.8,1604.0,1603.4,1603.4,122
2016-01-25 09:44:00+01:00,1603.5,1603.6,1603.3,1603.3,69
2016-01-25 09:45:00+01:00,1603.4,1603.5,1603.4,1603.4,17
2016-01-25 09:46:00+01:00,1603.4,1603.6,1603.4,1603.4,51
2016-01-25 09:47:00+01:00,1603.5,1603.6,1603.5,1603.5,33
2016-01-25 09:48:00+01:00,1603.5,1603.6,1603.5,1603.5,30
2016-01-25 09:49:00+01:00,1603.6,1603.6,1603.5,1603.5,29
2016-01-25 09:50:00+01:00,1603.5,1603.6,1603.2,1603.3,132
2016-01-25 09:51:00+01:00,1603.3,1603.3,1603.2,1603.2,30
2016-01-25 09:52:00+01:00,1603.3,1603.3,1602.7,1602.7,239
2016-01-25 09:53:00+01:00,1602.7,1602.9,1602.6,1602.6,113
2016-01-25 09:54:00+01:00,1602.6,1602.6,1602.5,1602.5,67
2016-01-25 09:55:00+01:00,1602.6,1602.7,1602.5,1602.7,17
2016-01-25 09:56:00+01:00,1602.7,1602.7,1602.3,1602.6,163
2016-01-25 09:57:00+01:00,1602.4,1602.5,1602.3,1602.3,46
2016-01-25 09:58:00+01:00,1602.4,1602.5,1601.8,1602.1,212
2016-01-25 09:59:00+01:00,1602.1,1602.1,1601.8,1602.0,122
2016-01-25 10:00:00+01:00,1601.9,1602.2,1601.7,1602.2,77
2016-01-25 10:01:00+01:00,1602.1,1602.3,1602.0,1602.0,66
2016-01-25 10:02:00+01:00,1602.1,1602.2,1602.0,1602.2,43
2016-01-25 10:03:00+01:00,1602.1,1602.8,1602.1,1602.8,189
2016-01-25 10:04:00+01:00,1602.8,1602.9,1602.7,1602.9,80
2016-01-25 10:05:00+01:00,1602.9,1602.9,1602.5,1602.7,151
2016-01-25 10:06:00+01:00,1602.8,1602.9,1602.3,1602.3,115
2016-01-25 10:07:00+01:00,1602.3,1602.8,1602.2,1602.7,73
2016-01-25 10:08:00+01:00,1602.8,1602.8,1602.4,1602.5,43
2016-01-25 10:09:00+01:00,1602.5,1602.5,1602.4,1602.4,77
2016-01-25 10:10:00+01:00,1602.4,1602.5,1602.3,1602.5,11
2016-01-25 10:11:00+01:00,1602.4,1602.4,1602.1,1602.2,55
2016-01-25 10:12:00+01:00,1602.2,1602.2,1602.1,1602.1,12
2016-01-25 10:13:00+01:00,1602.3,1602.4,1602.2,1602.3,71
2016-01-25 10:14:00+01:00,1602.4,1602.4,1602.3,1602.4,6
2016-01-25 10:15:00+01:00,1602.4,1602.7,1602.4,1602.7,35
2016-01-25 10:16:00+01:00,1602.7,1602.8,1602.6,1602.8,30
2016-01-25 10:17:00+01:00,1602.9,1603.0,1602.7,1602.7,107
2016-01-25 10:18:00+01:00,1602.7,1602.9,1602.7,1602.9,11
2016-01-25 10:19:00+01:00,1602.9,1602.9,1602.7,1602.7,18
2016-01-25 10:20:00+01:00,1602.6,1602.7,1602.5,1602.5,33
2016-01-25 10:21:00+01:00,1602.4,1602.6,1602.4,1602.5,22
2016-01-25 10:22:00+01:00,1602.6,1602.6,1602.6,1602.6,7
2016-01-25 10:23:00+01:00,1602.6,1602.6,1602.5,1602.6,8
2016-01-25 10:24:00+01:00,1602.7,1602.7,1602.5,1602.5,10
2016-01-25 10:25:00+01:00,1602.5,1602.6,1602.5,1602.5,11
2016-01-25 10:26:00+01:00,1602.6,1602.6,1602.5,1602.5,18
2016-01-25 10:27:00+01:00,1602.6,1602.6,1602.6,1602.6,11
2016-01-25 10:28:00+01:00,1602.6,1602.7,1602.5,1602.7,30
2016-01-25 10:29:00+01:00,1602.7,1602.9,1602.7,1602.9,20
2016-01-25 10:30:00+01:00,1602.9,1603.0,1602.8,1602.9,20
2016-01-25 10:31:00+01:00,1603.0,1603.5,1603.0,1603.4,141
2016-01-25 10:32:00+01:00,1603.4,1603.6,1603.2,1603.6,86
2016-01-25 10:33:00+01:00,1603.5,1603.7,1603.3,1603.3,61
2016-01-25 10:34:00+01:00,1603.4,1603.5,1603.4,1603.4,18
2016-01-25 10:35:00+01:00,1603.5,1603.6,1603.5,1603.6,34
2016-01-25 10:36:00+01:00,1603.6,1603.8,1603.3,1603.3,55
2016-01-25 10:37:00+01:00,1603.4,1603.5,1603.2,1603.4,40
2016-01-25 10:38:00+01:00,1603.4,1603.4,1603.2,1603.2,34
2016-01-25 10:39:00+01:00,1603.2,1603.3,1603.2,1603.2,30
2016-01-25 10:40:00+01:00,1603.3,1603.3,1603.1,1603.2,18
2016-01-25 10:41:00+01:00,1603.2,1603.2,1603.1,1603.1,18
2016-01-25 10:42:00+01:00,1603.2,1603.4,1603.2,1603.4,26
2016-01-25 10:43:00+01:00,1603.5,1603.5,1603.4,1603.4,17
2016-01-25 10:44:00+01:00,1603.4,1603.4,1603.3,1603.3,19
2016-01-25 10:45:00+01:00,1603.4,1603.4,1603.2,1603.2,28
2016-01-25 10:46:00+01:00,1603.3,1603.3,1603.1,1603.2,25
2016-01-25 10:47:00+01:00,1603.2,1603.2,1603.1,1603.2,33
2016-01-25 10:48:00+01:00,1603.2,1603.2,1603.1,1603.1,8
2016-01-25 10:49:00+01:00,1603.1,1603.1,1603.1,1603.1,5
2016-01-25 10:50:00+01:00,1603.2,1603.2,1603.1,1603.1,3
2016-01-25 10:51:00+01:00,1603.2,1603.5,1603.2,1603.4,60
2016-01-25 10:52:00+01:00,1603.4,1603.5,1603.4,1603.4,17
2016-01-25 10:53:00+01:00,1603.5,1603.6,1603.5,1603.6,39
2016-01-25 10:54:00+01:00,1603.5,1603.6,1603.5,1603.5,19
2016-01-25 10:55:00+01:00,1603.6,1603.6,1603.5,1603.6,25
2016-01-25 10:56:00+01:00,1603.6,1603.7,1603.6,1603.6,3
2016-01-25 10:57:00+01:00,1603.6,1603.8,1603.6,1603.7,36
2016-01-25 10:58:00+01:00,1603.7,1603.7,1603.5,1603.6,23
2016-01-25 10:59:00+01:00,1603.6,1603.6,1603.3,1603.3,43
2016-01-25 11:00:00+01:00,1603.4,1603.6,1603.3,1603.6,30
2016-01-25 11:01:00+01:00,1603.6,1603.7,1603.6,1603.7,9
2016-01-25 11:03:00+01:00,1603.8,1603.9,1603.8,1603.8,85
2016-01-25 11:04:00+01:00,1603.9,1603.9,1603.8,1603.9,36
2016-01-25 11:05:00+01:00,1603.9,1604.1,1603.9,1604.0,55
2016-01-25 11:06:00+01:00,1604.0,1604.0,1603.7,1603.8,26
2016-01-25 11:07:00+01:00,1603.7,1603.8,1603.7,1603.8,33
2016-01-25 11:08:00+01:00,1603.8,1603.8,1603.6,1603.6,36
2016-01-25 11:09:00+01:00,1603.6,1603.6,1603.4,1603.4,35
2016-01-25 11:10:00+01:00,1603.5,1603.5,1603.4,1603.4,8
2016-01-25 11:11:00+01:00,1603.5,1603.6,1603.5,1603.5,19
2016-01-25 11:12:00+01:00,1603.5,1603.6,1603.5,1603.6,30
2016-01-25 11:13:00+01:00,1603.6,1603.6,1603.5,1603.6,11
2016-01-25 11:14:00+01:00,1603.6,1603.7,1603.5,1603.5,17
2016-01-25 11:15:00+01:00,1603.5,1603.6,1603.4,1603.6,16
2016-01-25 11:16:00+01:00,1603.5,1603.7,1603.5,1603.7,10
2016-01-25 11:17:00+01:00,1603.7,1603.8,1603.7,1603.8,16
2016-01-25 11:18:00+01:00,1603.8,1603.8,1603.7,1603.7,19
2016-01-25 11:19:00+01:00,1603.6,1603.6,1603.5,1603.5,7
2016-01-25 11:20:00+01:00,1603.6,1603.8,1603.6,1603.7,24
2016-01-25 11:21:00+01:00,1603.6,1603.7,1603.6,1603.7,14
2016-01-25 11:22:00+01:00,1603.7,1603.8,1603.7,1603.8,14
2016-01-25 11:23:00+01:00,1603.7,1603.7,1603.6,1603.6,13
2016-01-25 11:24:00+01:00,1603.6,1603.6,1603.6,1603.6,1
2016-01-25 11:25:00+01:00,1603.6,1603.8,1603.6,1603.6,78
2016-01-25 11:26:00+01:00,1603.7,1604.1,1603.7,1604.0,139
2016-01-25 11:27:00+01:00,1604.0,1604.0,1603.9,1604.0,56
2016-01-25 11:28:00+01:00,1604.0,1604.0,1603.5,1603.5,189
2016-01-25 11:29:00+01:00,1603.4,1603.4,1603.0,1603.1,135
2016-01-25 11:30:00+01:00,1603.0,1603.1,1602.6,1602.7,216
2016-01-25 11:31:00+01:00,1602.7,1603.0,1602.7,1602.8,317
2016-01-25 11:32:00+01:00,1602.9,1602.9,1602.7,1602.8,75
2016-01-25 11:33:00+01:00,1602.8,1602.8,1602.7,1602.8,30
2016-01-25 11:34:00+01:00,1602.8,1602.8,1602.3,1602.5,89
2016-01-25 11:35:00+01:00,1602.4,1602.6,1602.4,1602.5,35
2016-01-25 11:36:00+01:00,1602.5,1602.7,1602.5,1602.7,21
2016-01-25 11:37:00+01:00,1602.6,1602.6,1602.5,1602.5,8
2016-01-25 11:38:00+01:00,1602.6,1602.6,1602.4,1602.4,24
2016-01-25 11:39:00+01:00,1602.4,1602.4,1602.3,1602.3,7
2016-01-25 11:40:00+01:00,1602.3,1602.6,1602.3,1602.6,89
2016-01-25 11:41:00+01:00,1602.5,1602.5,1602.3,1602.3,34
2016-01-25 11:42:00+01:00,1602.3,1602.3,1602.2,1602.3,14
2016-01-25 11:43:00+01:00,1602.2,1602.2,1602.2,1602.2,22
2016-01-25 11:44:00+01:00,1602.3,1602.5,1602.3,1602.5,33
2016-01-25 11:45:00+01:00,1602.5,1602.6,1602.4,1602.5,42
2016-01-25 11:46:00+01:00,1602.5,1602.6,1602.5,1602.6,8
2016-01-25 11:47:00+01:00,1602.7,1603.1,1602.7,1603.0,216
2016-01-25 11:48:00+01:00,1603.0,1603.1,1602.9,1602.9,53
2016-01-25 11:49:00+01:00,1603.0,1603.1,1603.0,1603.1,35
2016-01-25 11:50:00+01:00,1603.2,1603.2,1602.9,1602.9,167
2016-01-25 11:51:00+01:00,1602.9,1603.0,1602.7,1602.9,84
2016-01-25 11:52:00+01:00,1602.8,1603.1,1602.8,1603.0,33
2016-01-25 11:53:00+01:00,1603.1,1603.4,1603.1,1603.2,44
2016-01-25 11:54:00+01:00,1603.2,1603.4,1603.2,1603.3,90
2016-01-25 11:55:00+01:00,1603.3,1603.3,1603.0,1603.0,52
2016-01-25 11:56:00+01:00,1603.0,1603.3,1603.0,1603.2,11
2016-01-25 11:57:00+01:00,1603.3,1603.3,1603.1,1603.2,26
2016-01-25 11:58:00+01:00,1603.1,1603.2,1603.0,1603.0,12
2016-01-25 11:59:00+01:00,1603.1,1603.1,1603.0,1603.0,11
2016-01-25 12:00:00+01:00,1603.0,1603.1,1603.0,1603.0,8
2016-01-25 12:01:00+01:00,1603.1,1603.3,1603.1,1603.3,16
2016-01-25 12:02:00+01:00,1603.3,1603.3,1603.3,1603.3,13
2016-01-25 12:03:00+01:00,1603.3,1603.3,1603.0,1603.0,27
2016-01-25 12:04:00+01:00,1603.0,1603.0,1602.9,1602.9,27
2016-01-25 12:05:00+01:00,1603.1,1603.1,1603.1,1603.1,8
2016-01-25 12:06:00+01:00,1603.0,1603.1,1603.0,1603.1,15
2016-01-25 12:07:00+01:00,1603.0,1603.1,1603.0,1603.1,15
2016-01-25 12:08:00+01:00,1603.1,1603.1,1603.1,1603.1,6
2016-01-25 12:09:00+01:00,1603.0,1603.3,1603.0,1603.3,26
2016-01-25 12:10:00+01:00,1603.3,1603.3,1603.2,1603.3,12
2016-01-25 12:11:00+01:00,1603.2,1603.6,1603.2,1603.5,51
2016-01-25 12:12:00+01:00,1603.5,1603.5,1603.5,1603.5,23
2016-01-25 12:13:00+01:00,1603.4,1603.4,1603.2,1603.2,30
2016-01-25 12:14:00+01:00,1603.3,1603.3,1603.2,1603.3,13
2016-01-25 12:15:00+01:00,1603.3,1603.5,1603.3,1603.5,41
2016-01-25 12:16:00+01:00,1603.4,1603.7,1603.4,1603.6,53
2016-01-25 12:17:00+01:00,1603.5,1603.5,1603.3,1603.4,28
2016-01-25 12:18:00+01:00,1603.4,1603.5,1603.4,1603.5,27
2016-01-25 12:19:00+01:00,1603.5,1603.8,1603.5,1603.6,63
2016-01-25 12:20:00+01:00,1603.5,1603.6,1603.5,1603.5,9
2016-01-25 12:21:00+01:00,1603.6,1603.6,1603.5,1603.5,16
2016-01-25 12:22:00+01:00,1603.5,1603.6,1603.4,1603.5,24
2016-01-25 12:23:00+01:00,1603.5,1603.5,1603.4,1603.5,16
2016-01-25 12:24:00+01:00,1603.5,1603.5,1603.4,1603.4,8
2016-01-25 12:25:00+01:00,1603.4,1603.4,1603.4,1603.4,5
2016-01-25 12:26:00+01:00,1603.4,1603.5,1603.4,1603.5,16
2016-01-25 12:27:00+01:00,1603.4,1603.4,1603.3,1603.3,8
2016-01-25 12:28:00+01:00,1603.3,1603.4,1603.3,1603.4,22
2016-01-25 12:29:00+01:00,1603.3,1603.3,1603.2,1603.2,23
2016-01-25 12:30:00+01:00,1603.1,1603.1,1603.0,1603.0,22
2016-01-25 12:31:00+01:00,1603.0,1603.2,1602.9,1602.9,34
2016-01-25 12:32:00+01:00,1603.0,1603.1,1603.0,1603.1,7
2016-01-25 12:33:00+01:00,1603.2,1603.2,1603.1,1603.2,3
2016-01-25 12:34:00+01:00,1603.2,1603.4,1603.2,1603.3,43
2016-01-25 12:35:00+01:00,1603.3,1603.5,1603.2,1603.4,26
2016-01-25 12:36:00+01:00,1603.4,1603.5,1603.2,1603.4,71
2016-01-25 12:37:00+01:00,1603.4,1603.9,1603.3,1603.8,118
2016-01-25 12:38:00+01:00,1603.8,1605.6,1603.8,1604.9,709
2016-01-25 12:39:00+01:00,1604.9,1604.9,1604.5,1604.8,95
2016-01-25 12:40:00+01:00,1604.8,1605.7,1604.8,1605.3,305
2016-01-25 12:41:00+01:00,1605.4,1605.6,1605.3,1605.5,106
2016-01-25 12:42:00+01:00,1605.5,1605.7,1605.2,1605.6,271
2016-01-25 12:43:00+01:00,1605.6,1605.6,1605.4,1605.4,33
2016-01-25 12:44:00+01:00,1605.4,1605.5,1605.3,1605.3,19
2016-01-25 12:45:00+01:00,1605.3,1605.3,1605.2,1605.2,19
2016-01-25 12:46:00+01:00,1605.2,1605.5,1605.2,1605.4,27
2016-01-25 12:47:00+01:00,1605.3,1605.4,1605.3,1605.4,7
2016-01-25 12:48:00+01:00,1605.4,1605.7,1605.4,1605.5,43
2016-01-25 12:49:00+01:00,1605.5,1605.7,1605.3,1605.3,51
2016-01-25 12:50:00+01:00,1605.4,1605.4,1605.1,1605.2,66
2016-01-25 12:51:00+01:00,1605.3,1605.7,1605.3,1605.5,107
2016-01-25 12:52:00+01:00,1605.5,1605.5,1605.3,1605.5,68
2016-01-25 12:53:00+01:00,1605.5,1605.6,1605.3,1605.4,117
2016-01-25 12:54:00+01:00,1605.4,1605.4,1605.1,1605.2,34
2016-01-25 12:55:00+01:00,1605.1,1605.1,1604.8,1604.8,33
2016-01-25 12:56:00+01:00,1604.9,1604.9,1604.6,1604.9,67
2016-01-25 12:57:00+01:00,1604.9,1605.0,1604.8,1605.0,21
2016-01-25 12:58:00+01:00,1605.0,1605.2,1604.9,1605.1,23
2016-01-25 12:59:00+01:00,1605.2,1605.7,1605.2,1605.7,148
2016-01-25 13:00:00+01:00,1605.6,1605.6,1605.4,1605.4,30
2016-01-25 13:01:00+01:00,1605.5,1605.9,1605.5,1605.6,313
2016-01-25 13:02:00+01:00,1605.7,1605.9,1605.7,1605.8,54
2016-01-25 13:03:00+01:00,1605.9,1606.1,1605.8,1605.8,80
2016-01-25 13:04:00+01:00,1605.8,1605.8,1605.5,1605.7,65
2016-01-25 13:05:00+01:00,1605.6,1605.8,1605.6,1605.6,15
2016-01-25 13:06:00+01:00,1605.5,1605.5,1605.1,1605.2,61
2016-01-25 13:07:00+01:00,1605.1,1605.2,1605.0,1605.1,32
2016-01-25 13:08:00+01:00,1605.2,1605.2,1605.0,1605.0,30
2016-01-25 13:09:00+01:00,1605.1,1605.2,1605.0,1605.0,31
2016-01-25 13:10:00+01:00,1604.9,1605.0,1604.9,1604.9,15
2016-01-25 13:11:00+01:00,1604.9,1605.0,1604.9,1604.9,38
2016-01-25 13:12:00+01:00,1604.8,1604.9,1604.8,1604.9,18
2016-01-25 13:13:00+01:00,1604.9,1604.9,1604.4,1604.4,128
2016-01-25 13:14:00+01:00,1604.5,1604.8,1604.4,1604.4,207
2016-01-25 13:15:00+01:00,1604.4,1604.4,1604.0,1604.1,152
2016-01-25 13:16:00+01:00,1604.1,1604.2,1604.0,1604.1,39
2016-01-25 13:17:00+01:00,1604.2,1604.2,1604.0,1604.1,27
2016-01-25 13:18:00+01:00,1604.1,1604.4,1604.0,1604.2,54
2016-01-25 13:19:00+01:00,1604.2,1604.4,1604.1,1604.3,29
2016-01-25 13:20:00+01:00,1604.4,1604.5,1604.4,1604.5,5
2016-01-25 13:21:00+01:00,1604.5,1604.8,1604.5,1604.8,39
2016-01-25 13:22:00+01:00,1604.7,1604.9,1604.5,1604.6,94
2016-01-25 13:23:00+01:00,1604.6,1604.7,1604.6,1604.6,22
2016-01-25 13:24:00+01:00,1604.7,1604.8,1604.5,1604.7,67
2016-01-25 13:25:00+01:00,1604.6,1604.6,1604.3,1604.4,54
2016-01-25 13:26:00+01:00,1604.4,1604.4,1604.3,1604.3,40
2016-01-25 13:27:00+01:00,1604.4,1604.6,1604.3,1604.6,74
2016-01-25 13:28:00+01:00,1604.6,1604.6,1604.4,1604.5,42
2016-01-25 13:29:00+01:00,1604.4,1604.4,1604.2,1604.4,61
2016-01-25 13:30:00+01:00,1604.4,1604.7,1604.4,1604.5,79
2016-01-25 13:31:00+01:00,1604.5,1604.5,1604.3,1604.3,49
2016-01-25 13:32:00+01:00,1604.4,1604.4,1604.2,1604.3,18
2016-01-25 13:33:00+01:00,1604.2,1604.2,1603.4,1603.5,265
2016-01-25 13:34:00+01:00,1603.6,1603.7,1603.4,1603.7,141
2016-01-25 13:35:00+01:00,1603.7,1603.8,1603.6,1603.8,53
2016-01-25 13:36:00+01:00,1603.8,1604.0,1603.8,1604.0,43
2016-01-25 13:37:00+01:00,1604.0,1604.2,1604.0,1604.1,32
2016-01-25 13:38:00+01:00,1604.1,1604.1,1603.8,1603.8,37
2016-01-25 13:39:00+01:00,1603.8,1603.8,1603.3,1603.3,113
2016-01-25 13:40:00+01:00,1603.3,1603.5,1603.2,1603.5,78
2016-01-25 13:41:00+01:00,1603.3,1603.5,1603.3,1603.5,53
2016-01-25 13:42:00+01:00,1603.5,1603.5,1603.3,1603.5,116
2016-01-25 13:43:00+01:00,1603.4,1603.5,1603.3,1603.4,44
2016-01-25 13:44:00+01:00,1603.5,1603.5,1603.3,1603.5,50
2016-01-25 13:45:00+01:00,1603.5,1603.9,1603.4,1603.8,59
2016-01-25 13:46:00+01:00,1603.8,1604.0,1603.5,1603.5,95
2016-01-25 13:47:00+01:00,1603.7,1603.9,1603.5,1603.9,28
2016-01-25 13:48:00+01:00,1603.9,1604.1,1603.9,1604.0,54
2016-01-25 13:49:00+01:00,1604.0,1604.1,1603.9,1603.9,9
2016-01-25 13:50:00+01:00,1603.9,1603.9,1603.7,1603.7,13
2016-01-25 13:51:00+01:00,1603.7,1603.7,1603.5,1603.6,37
2016-01-25 13:52:00+01:00,1603.5,1603.6,1603.5,1603.5,34
2016-01-25 13:53:00+01:00,1603.4,1603.4,1603.1,1603.4,105
2016-01-25 13:54:00+01:00,1603.5,1604.0,1603.3,1604.0,86
2016-01-25 13:55:00+01:00,1604.0,1604.3,1603.8,1604.2,113
2016-01-25 13:56:00+01:00,1604.1,1604.1,1603.5,1603.7,146
2016-01-25 13:57:00+01:00,1603.7,1604.0,1603.7,1604.0,70
2016-01-25 13:58:00+01:00,1604.0,1604.0,1603.7,1603.7,92
2016-01-25 13:59:00+01:00,1603.9,1603.9,1603.7,1603.8,113
2016-01-25 14:00:00+01:00,1603.8,1603.8,1603.1,1603.3,204
2016-01-25 14:01:00+01:00,1603.3,1603.5,1602.7,1603.0,351
2016-01-25 14:02:00+01:00,1603.1,1603.3,1603.0,1603.2,141
2016-01-25 14:03:00+01:00,1603.2,1603.4,1603.0,1603.2,239
2016-01-25 14:04:00+01:00,1603.2,1603.3,1602.6,1602.7,281
2016-01-25 14:05:00+01:00,1602.8,1602.9,1602.6,1602.7,198
2016-01-25 14:06:00+01:00,1602.7,1602.9,1602.3,1602.3,384
2016-01-25 14:07:00+01:00,1602.4,1603.2,1602.2,1603.1,355
2016-01-25 14:08:00+01:00,1603.2,1603.3,1603.1,1603.2,140
2016-01-25 14:09:00+01:00,1603.2,1603.3,1602.9,1603.2,361
2016-01-25 14:10:00+01:00,1603.2,1603.2,1602.6,1602.7,229
2016-01-25 14:11:00+01:00,1602.7,1603.1,1602.7,1603.0,115
2016-01-25 14:12:00+01:00,1603.1,1603.2,1603.0,1603.0,117
2016-01-25 14:13:00+01:00,1602.9,1603.1,1602.9,1603.0,44
2016-01-25 14:14:00+01:00,1602.9,1603.1,1602.9,1603.0,118
2016-01-25 14:15:00+01:00,1603.0,1603.2,1603.0,1603.0,115
2016-01-25 14:16:00+01:00,1603.0,1603.1,1602.6,1602.7,165
2016-01-25 14:17:00+01:00,1602.8,1603.1,1602.7,1603.0,64
2016-01-25 14:18:00+01:00,1603.0,1603.2,1602.9,1602.9,103
2016-01-25 14:19:00+01:00,1602.9,1603.3,1602.9,1603.3,128
2016-01-25 14:20:00+01:00,1603.3,1603.8,1603.3,1603.7,195
2016-01-25 14:21:00+01:00,1603.7,1604.8,1603.6,1604.4,512
2016-01-25 14:22:00+01:00,1604.4,1604.5,1604.1,1604.1,167
2016-01-25 14:23:00+01:00,1604.2,1604.7,1604.1,1604.3,186
2016-01-25 14:24:00+01:00,1604.3,1604.4,1603.7,1603.9,185
2016-01-25 14:25:00+01:00,1603.9,1604.5,1603.9,1604.5,203
2016-01-25 14:26:00+01:00,1604.5,1604.5,1604.4,1604.5,43
2016-01-25 14:27:00+01:00,1604.5,1604.9,1604.4,1604.6,198
2016-01-25 14:28:00+01:00,1604.7,1604.8,1604.7,1604.8,45
2016-01-25 14:29:00+01:00,1604.8,1605.3,1604.7,1605.3,287
2016-01-25 14:30:00+01:00,1605.4,1605.7,1605.2,1605.4,361
2016-01-25 14:31:00+01:00,1605.4,1606.1,1605.4,1605.6,415
2016-01-25 14:32:00+01:00,1605.5,1606.3,1605.4,1606.3,335
2016-01-25 14:33:00+01:00,1606.2,1606.5,1605.5,1605.5,449
2016-01-25 14:34:00+01:00,1605.6,1605.8,1605.5,1605.7,159
2016-01-25 14:35:00+01:00,1605.8,1606.3,1605.8,1606.2,342
2016-01-25 14:36:00+01:00,1606.2,1606.6,1606.1,1606.5,373
2016-01-25 14:37:00+01:00,1606.6,1607.3,1606.5,1606.9,833
2016-01-25 14:38:00+01:00,1606.9,1607.0,1606.5,1606.6,184
2016-01-25 14:39:00+01:00,1606.6,1606.9,1606.4,1606.8,92
2016-01-25 14:40:00+01:00,1606.8,1607.0,1606.5,1606.7,263
2016-01-25 14:41:00+01:00,1606.8,1607.1,1606.7,1607.0,250
2016-01-25 14:42:00+01:00,1607.0,1607.1,1606.8,1606.8,101
2016-01-25 14:43:00+01:00,1606.7,1606.7,1605.8,1605.9,557
2016-01-25 14:44:00+01:00,1605.9,1605.9,1605.6,1605.6,260
2016-01-25 14:45:00+01:00,1605.7,1606.1,1605.6,1606.1,147
2016-01-25 14:46:00+01:00,1606.1,1606.4,1605.9,1606.0,128
2016-01-25 14:47:00+01:00,1605.9,1606.3,1605.8,1606.0,133
2016-01-25 14:48:00+01:00,1606.1,1606.1,1605.9,1606.1,68
2016-01-25 14:49:00+01:00,1606.1,1606.3,1606.1,1606.2,73
2016-01-25 14:50:00+01:00,1606.1,1606.4,1606.1,1606.1,88
2016-01-25 14:51:00+01:00,1606.0,1606.3,1605.6,1605.6,140
2016-01-25 14:52:00+01:00,1605.5,1605.9,1605.4,1605.7,212
2016-01-25 14:53:00+01:00,1605.7,1605.7,1605.2,1605.6,160
2016-01-25 14:54:00+01:00,1605.6,1605.9,1605.5,1605.8,112
2016-01-25 14:55:00+01:00,1605.9,1606.3,1605.9,1606.1,105
2016-01-25 14:56:00+01:00,1606.2,1606.2,1605.6,1605.9,127
2016-01-25 14:57:00+01:00,1605.8,1606.2,1605.7,1605.8,144
2016-01-25 14:58:00+01:00,1605.8,1606.2,1605.7,1606.0,112
2016-01-25 14:59:00+01:00,1606.1,1606.3,1605.6,1605.9,173
2016-01-25 15:00:00+01:00,1606.0,1606.2,1605.8,1605.8,103
2016-01-25 15:01:00+01:00,1605.8,1605.9,1605.4,1605.5,102
2016-01-25 15:02:00+01:00,1605.4,1605.5,1605.2,1605.5,129
2016-01-25 15:03:00+01:00,1605.6,1605.7,1605.5,1605.6,42
2016-01-25 15:04:00+01:00,1605.6,1605.8,1605.6,1605.8,59
2016-01-25 15:05:00+01:00,1605.8,1605.8,1604.6,1605.2,322
2016-01-25 15:06:00+01:00,1605.1,1605.4,1605.1,1605.4,149
2016-01-25 15:07:00+01:00,1605.4,1605.7,1605.0,1605.0,144
2016-01-25 15:08:00+01:00,1605.1,1605.2,1604.7,1605.2,243
2016-01-25 15:09:00+01:00,1605.2,1605.7,1605.0,1605.5,297
2016-01-25 15:10:00+01:00,1605.4,1605.6,1605.4,1605.6,84
2016-01-25 15:11:00+01:00,1605.6,1605.7,1605.4,1605.7,107
2016-01-25 15:12:00+01:00,1605.8,1606.0,1605.6,1605.9,175
2016-01-25 15:13:00+01:00,1605.8,1605.9,1605.6,1605.8,85
2016-01-25 15:14:00+01:00,1605.8,1605.8,1605.4,1605.6,75
2016-01-25 15:15:00+01:00,1605.6,1605.7,1605.4,1605.6,79
2016-01-25 15:16:00+01:00,1605.5,1606.1,1605.5,1606.1,218
2016-01-25 15:17:00+01:00,1606.0,1606.3,1605.8,1606.0,262
2016-01-25 15:18:00+01:00,1606.0,1606.1,1605.8,1605.8,169
2016-01-25 15:19:00+01:00,1605.9,1606.3,1605.9,1606.2,342
2016-01-25 15:20:00+01:00,1606.3,1606.3,1606.0,1606.2,177
2016-01-25 15:21:00+01:00,1606.1,1606.4,1606.0,1606.1,226
2016-01-25 15:22:00+01:00,1606.0,1606.0,1605.7,1605.7,135
2016-01-25 15:23:00+01:00,1605.8,1605.8,1604.3,1604.7,838
2016-01-25 15:24:00+01:00,1604.6,1604.7,1604.1,1604.5,382
2016-01-25 15:25:00+01:00,1604.4,1604.5,1604.2,1604.4,239
2016-01-25 15:26:00+01:00,1604.4,1604.7,1604.3,1604.5,113
2016-01-25 15:27:00+01:00,1604.5,1604.6,1604.2,1604.3,199
2016-01-25 15:28:00+01:00,1604.3,1604.5,1604.2,1604.4,79
2016-01-25 15:29:00+01:00,1604.4,1604.6,1604.3,1604.6,90
2016-01-25 15:30:00+01:00,1604.6,1604.7,1604.5,1604.6,40
2016-01-25 15:31:00+01:00,1604.7,1604.7,1604.3,1604.4,191
2016-01-25 15:32:00+01:00,1604.4,1604.7,1604.4,1604.4,249
2016-01-25 15:33:00+01:00,1604.4,1605.4,1604.2,1605.4,442
2016-01-25 15:34:00+01:00,1605.3,1605.4,1604.7,1604.8,183
2016-01-25 15:35:00+01:00,1604.7,1605.0,1604.4,1604.9,378
2016-01-25 15:36:00+01:00,1604.9,1605.5,1604.8,1605.3,150
2016-01-25 15:37:00+01:00,1605.4,1605.6,1605.3,1605.4,210
2016-01-25 15:38:00+01:00,1605.3,1605.5,1605.1,1605.5,101
2016-01-25 15:39:00+01:00,1605.5,1605.6,1604.7,1604.9,178
2016-01-25 15:40:00+01:00,1604.9,1605.3,1604.7,1604.9,188
2016-01-25 15:41:00+01:00,1604.9,1605.0,1604.5,1604.6,178
2016-01-25 15:42:00+01:00,1604.6,1605.4,1604.3,1605.1,307
2016-01-25 15:43:00+01:00,1605.1,1605.4,1604.8,1605.2,155
2016-01-25 15:44:00+01:00,1605.3,1605.8,1605.3,1605.5,232
2016-01-25 15:45:00+01:00,1605.6,1606.1,1605.6,1605.9,197
2016-01-25 15:46:00+01:00,1606.0,1606.2,1605.9,1606.1,133
2016-01-25 15:47:00+01:00,1606.1,1606.2,1605.9,1606.0,239
2016-01-25 15:48:00+01:00,1606.0,1606.0,1605.5,1605.7,152
2016-01-25 15:49:00+01:00,1605.7,1605.9,1605.3,1605.4,234
2016-01-25 15:50:00+01:00,1605.3,1605.4,1605.2,1605.3,172
2016-01-25 15:51:00+01:00,1605.2,1605.6,1605.2,1605.3,156
2016-01-25 15:52:00+01:00,1605.4,1605.6,1605.2,1605.5,117
2016-01-25 15:53:00+01:00,1605.5,1605.6,1605.4,1605.6,65
2016-01-25 15:54:00+01:00,1605.5,1606.3,1605.5,1606.2,227
2016-01-25 15:55:00+01:00,1606.3,1606.4,1605.8,1606.0,193
2016-01-25 15:56:00+01:00,1606.1,1606.4,1605.9,1606.1,173
2016-01-25 15:57:00+01:00,1606.1,1606.2,1606.0,1606.0,52
2016-01-25 15:58:00+01:00,1606.0,1606.3,1605.8,1605.8,138
2016-01-25 15:59:00+01:00,1605.7,1605.8,1605.2,1605.5,248
2016-01-25 16:00:00+01:00,1605.5,1605.6,1605.3,1605.3,230
2016-01-25 16:01:00+01:00,1605.3,1606.3,1605.3,1606.0,444
2016-01-25 16:02:00+01:00,1606.1,1606.2,1605.2,1605.5,736
2016-01-25 16:03:00+01:00,1605.6,1606.0,1605.5,1605.6,425
2016-01-25 16:04:00+01:00,1605.5,1605.7,1605.2,1605.7,280
2016-01-25 16:05:00+01:00,1605.6,1605.6,1605.2,1605.4,227
2016-01-25 16:06:00+01:00,1605.3,1605.6,1605.3,1605.4,172
2016-01-25 16:07:00+01:00,1605.3,1605.3,1604.2,1604.8,753
2016-01-25 16:08:00+01:00,1604.8,1605.6,1604.8,1605.5,249
2016-01-25 16:09:00+01:00,1605.5,1605.8,1605.4,1605.6,261
2016-01-25 16:10:00+01:00,1605.7,1605.8,1605.6,1605.7,89
2016-01-25 16:11:00+01:00,1605.7,1606.1,1605.7,1606.1,167
2016-01-25 16:12:00+01:00,1606.0,1606.2,1605.7,1605.7,173
2016-01-25 16:13:00+01:00,1605.7,1605.8,1605.6,1605.6,50
2016-01-25 16:14:00+01:00,1605.7,1605.7,1605.2,1605.6,114
2016-01-25 16:15:00+01:00,1605.6,1605.8,1605.5,1605.8,80
2016-01-25 16:16:00+01:00,1605.7,1605.8,1605.5,1605.7,82
2016-01-25 16:17:00+01:00,1605.5,1605.7,1605.5,1605.6,75
2016-01-25 16:18:00+01:00,1605.6,1605.6,1605.4,1605.5,96
2016-01-25 16:19:00+01:00,1605.5,1605.5,1605.1,1605.2,180
2016-01-25 16:20:00+01:00,1605.1,1605.5,1605.1,1605.2,119
2016-01-25 16:21:00+01:00,1605.1,1605.4,1604.9,1604.9,241
2016-01-25 16:22:00+01:00,1604.9,1604.9,1604.4,1604.6,287
2016-01-25 16:23:00+01:00,1604.5,1604.7,1604.3,1604.4,127
2016-01-25 16:24:00+01:00,1604.4,1604.5,1604.4,1604.5,48
2016-01-25 16:25:00+01:00,1604.4,1604.6,1604.4,1604.4,89
2016-01-25 16:26:00+01:00,1604.4,1604.6,1604.4,1604.4,88
2016-01-25 16:27:00+01:00,1604.5,1605.1,1604.5,1604.9,162
2016-01-25 16:28:00+01:00,1605.0,1605.2,1605.0,1605.1,23
2016-01-25 16:29:00+01:00,1605.1,1605.3,1605.1,1605.3,83
2016-01-25 16:30:00+01:00,1605.2,1605.3,1605.1,1605.1,65
2016-01-25 16:31:00+01:00,1605.1,1605.6,1605.1,1605.5,152
2016-01-25 16:32:00+01:00,1605.5,1605.6,1605.4,1605.5,144
2016-01-25 16:33:00+01:00,1605.6,1605.6,1604.8,1604.8,158
2016-01-25 16:34:00+01:00,1604.9,1605.1,1604.9,1605.0,62
2016-01-25 16:35:00+01:00,1605.0,1605.2,1604.9,1605.2,40
2016-01-25 16:36:00+01:00,1605.2,1605.4,1605.0,1605.0,115
2016-01-25 16:37:00+01:00,1605.1,1605.2,1605.0,1605.1,55
2016-01-25 16:38:00+01:00,1605.1,1605.3,1605.1,1605.2,78
2016-01-25 16:39:00+01:00,1605.2,1605.5,1605.1,1605.5,231
2016-01-25 16:40:00+01:00,1605.6,1605.7,1605.2,1605.2,114
2016-01-25 16:41:00+01:00,1605.2,1605.7,1605.2,1605.4,96
2016-01-25 16:42:00+01:00,1605.3,1605.4,1605.2,1605.2,62
2016-01-25 16:43:00+01:00,1605.2,1605.6,1605.2,1605.6,33
2016-01-25 16:44:00+01:00,1605.6,1605.8,1605.6,1605.6,77
2016-01-25 16:45:00+01:00,1605.6,1605.8,1605.6,1605.6,70
2016-01-25 16:46:00+01:00,1605.6,1605.7,1605.6,1605.6,62
2016-01-25 16:47:00+01:00,1605.6,1605.9,1605.6,1605.9,193
2016-01-25 16:48:00+01:00,1606.0,1606.1,1605.8,1606.0,87
2016-01-25 16:49:00+01:00,1606.0,1606.1,1605.7,1605.8,42
2016-01-25 16:50:00+01:00,1605.9,1606.0,1605.8,1605.8,47
2016-01-25 16:51:00+01:00,1605.8,1605.9,1605.7,1605.8,109
2016-01-25 16:52:00+01:00,1605.8,1606.0,1605.7,1605.9,144
2016-01-25 16:53:00+01:00,1605.9,1606.0,1605.5,1605.5,99
2016-01-25 16:54:00+01:00,1605.6,1605.7,1605.5,1605.6,57
2016-01-25 16:55:00+01:00,1605.6,1605.8,1605.6,1605.8,66
2016-01-25 16:56:00+01:00,1605.8,1606.2,1605.8,1605.9,151
2016-01-25 16:57:00+01:00,1605.9,1605.9,1605.4,1605.6,135
2016-01-25 16:58:00+01:00,1605.5,1605.5,1605.1,1605.2,208
2016-01-25 16:59:00+01:00,1605.3,1605.3,1605.2,1605.2,61
2016-01-25 17:00:00+01:00,1605.2,1605.5,1605.2,1605.4,86
2016-01-25 17:01:00+01:00,1605.5,1605.7,1605.4,1605.4,157
2016-01-25 17:02:00+01:00,1605.4,1605.8,1605.4,1605.6,103
2016-01-25 17:03:00+01:00,1605.6,1606.0,1605.5,1605.9,280
2016-01-25 17:04:00+01:00,1605.8,1605.9,1605.8,1605.8,97
2016-01-25 17:05:00+01:00,1605.8,1606.0,1605.7,1606.0,106
2016-01-25 17:06:00+01:00,1606.1,1606.2,1605.8,1606.0,209
2016-01-25 17:07:00+01:00,1606.0,1606.1,1605.8,1605.8,86
2016-01-25 17:08:00+01:00,1605.8,1605.8,1605.7,1605.8,43
2016-01-25 17:09:00+01:00,1605.7,1605.8,1605.6,1605.6,80
2016-01-25 17:10:00+01:00,1605.6,1605.6,1605.1,1605.1,208
2016-01-25 17:11:00+01:00,1605.2,1605.2,1604.7,1604.7,245
2016-01-25 17:12:00+01:00,1604.8,1605.0,1604.6,1604.9,112
2016-01-25 17:13:00+01:00,1604.9,1605.0,1604.7,1604.7,129
2016-01-25 17:14:00+01:00,1604.7,1604.9,1604.5,1604.7,200
2016-01-25 17:15:00+01:00,1604.8,1604.8,1604.4,1604.5,76
2016-01-25 17:16:00+01:00,1604.4,1604.6,1604.3,1604.3,129
2016-01-25 17:17:00+01:00,1604.4,1604.4,1604.2,1604.3,72
2016-01-25 17:18:00+01:00,1604.3,1604.7,1604.3,1604.6,167
2016-01-25 17:19:00+01:00,1604.5,1604.6,1604.3,1604.4,71
2016-01-25 17:20:00+01:00,1604.5,1604.9,1604.5,1604.9,192
2016-01-25 17:21:00+01:00,1604.9,1605.2,1604.7,1605.0,302
2016-01-25 17:22:00+01:00,1604.9,1605.1,1604.8,1604.9,191
2016-01-25 17:23:00+01:00,1604.9,1605.2,1604.9,1605.1,210
2016-01-25 17:24:00+01:00,1605.1,1605.2,1604.8,1605.1,162
2016-01-25 17:25:00+01:00,1605.1,1605.7,1605.0,1605.7,193
2016-01-25 17:26:00+01:00,1605.6,1605.7,1605.5,1605.6,370
2016-01-25 17:27:00+01:00,1605.6,1606.2,1605.6,1606.1,312
2016-01-25 17:28:00+01:00,1606.2,1606.4,1606.0,1606.1,340
2016-01-25 17:29:00+01:00,1606.2,1606.2,1606.0,1606.1,69
2016-01-25 17:30:00+01:00,1606.1,1606.1,1605.7,1605.9,263
2016-01-25 17:31:00+01:00,1605.9,1606.1,1605.9,1606.0,100
2016-01-25 17:32:00+01:00,1606.0,1606.3,1606.0,1606.3,133
2016-01-25 17:33:00+01:00,1606.3,1606.7,1606.3,1606.4,327
2016-01-25 17:34:00+01:00,1606.5,1606.5,1606.0,1606.0,209
2016-01-25 17:35:00+01:00,1606.0,1606.0,1605.8,1606.0,158
2016-01-25 17:36:00+01:00,1606.1,1606.2,1605.9,1606.2,81
2016-01-25 17:37:00+01:00,1606.2,1606.4,1606.2,1606.4,74
2016-01-25 17:38:00+01:00,1606.4,1606.6,1606.3,1606.5,139
2016-01-25 17:39:00+01:00,1606.5,1606.6,1606.3,1606.5,113
2016-01-25 17:40:00+01:00,1606.5,1607.1,1606.4,1607.1,371
2016-01-25 17:41:00+01:00,1607.1,1607.5,1606.4,1606.8,525
2016-01-25 17:42:00+01:00,1606.8,1606.8,1606.5,1606.7,112
2016-01-25 17:43:00+01:00,1606.8,1607.1,1606.6,1607.1,136
2016-01-25 17:44:00+01:00,1607.1,1607.3,1606.9,1606.9,116
2016-01-25 17:45:00+01:00,1606.9,1607.4,1606.9,1607.4,205
2016-01-25 17:46:00+01:00,1607.4,1607.6,1607.3,1607.3,439
2016-01-25 17:47:00+01:00,1607.2,1607.4,1606.8,1606.8,220
2016-01-25 17:48:00+01:00,1606.9,1607.0,1606.7,1606.7,128
2016-01-25 17:49:00+01:00,1606.8,1607.1,1606.7,1607.0,138
2016-01-25 17:50:00+01:00,1606.9,1606.9,1606.8,1606.8,168
2016-01-25 17:51:00+01:00,1606.7,1606.8,1606.5,1606.6,226
2016-01-25 17:52:00+01:00,1606.6,1606.6,1606.5,1606.6,101
2016-01-25 17:53:00+01:00,1606.5,1606.8,1606.5,1606.8,49
2016-01-25 17:54:00+01:00,1606.8,1606.8,1606.7,1606.8,79
2016-01-25 17:55:00+01:00,1606.8,1606.8,1606.2,1606.4,163
2016-01-25 17:56:00+01:00,1606.3,1606.3,1606.0,1606.1,117
2016-01-25 17:57:00+01:00,1606.1,1606.4,1606.1,1606.3,52
2016-01-25 17:58:00+01:00,1606.3,1606.3,1606.1,1606.3,80
2016-01-25 17:59:00+01:00,1606.3,1606.6,1606.3,1606.6,79
2016-01-25 18:00:00+01:00,1606.6,1606.7,1606.5,1606.7,96
2016-01-25 18:01:00+01:00,1606.8,1606.8,1606.5,1606.5,128
2016-01-25 18:02:00+01:00,1606.4,1606.7,1606.3,1606.4,88
2016-01-25 18:03:00+01:00,1606.5,1606.5,1606.5,1606.5,6
2016-01-25 18:04:00+01:00,1606.6,1606.7,1606.5,1606.7,104
2016-01-25 18:05:00+01:00,1606.6,1606.7,1606.4,1606.5,76
2016-01-25 18:06:00+01:00,1606.6,1606.7,1606.5,1606.6,31
2016-01-25 18:07:00+01:00,1606.6,1606.6,1606.3,1606.4,77
2016-01-25 18:08:00+01:00,1606.5,1606.5,1606.3,1606.5,18
2016-01-25 18:09:00+01:00,1606.5,1606.7,1606.5,1606.5,78
2016-01-25 18:10:00+01:00,1606.4,1606.5,1606.3,1606.3,59
2016-01-25 18:11:00+01:00,1606.3,1606.3,1605.9,1605.9,83
2016-01-25 18:12:00+01:00,1605.9,1606.0,1605.8,1606.0,97
2016-01-25 18:13:00+01:00,1606.0,1606.1,1605.8,1605.8,79
2016-01-25 18:14:00+01:00,1605.8,1605.8,1605.6,1605.7,127
2016-01-25 18:15:00+01:00,1605.7,1605.8,1605.7,1605.8,36
2016-01-25 18:16:00+01:00,1605.8,1605.9,1605.7,1605.7,58
2016-01-25 18:17:00+01:00,1605.7,1605.9,1605.7,1605.8,103
2016-01-25 18:18:00+01:00,1605.7,1605.8,1605.6,1605.8,106
2016-01-25 18:19:00+01:00,1605.8,1605.8,1605.6,1605.6,33
2016-01-25 18:20:00+01:00,1605.6,1605.6,1605.6,1605.6,8
2016-01-25 18:21:00+01:00,1605.6,1605.7,1605.5,1605.5,49
2016-01-25 18:22:00+01:00,1605.5,1605.7,1605.4,1605.6,88
2016-01-25 18:23:00+01:00,1605.6,1606.0,1605.6,1605.9,123
2016-01-25 18:24:00+01:00,1605.9,1606.0,1605.9,1606.0,71
2016-01-25 18:25:00+01:00,1605.9,1606.1,1605.9,1606.1,62
2016-01-25 18:26:00+01:00,1606.1,1606.1,1605.9,1605.9,66
2016-01-25 18:27:00+01:00,1605.9,1606.0,1605.9,1605.9,21
2016-01-25 18:28:00+01:00,1605.9,1605.9,1605.6,1605.7,56
2016-01-25 18:29:00+01:00,1605.7,1605.7,1605.4,1605.4,146
2016-01-25 18:30:00+01:00,1605.4,1605.5,1605.2,1605.5,188
2016-01-25 18:31:00+01:00,1605.5,1605.7,1605.4,1605.6,150
2016-01-25 18:32:00+01:00,1605.6,1605.6,1605.4,1605.4,44
2016-01-25 18:33:00+01:00,1605.3,1605.4,1605.3,1605.4,42
2016-01-25 18:34:00+01:00,1605.4,1605.4,1605.3,1605.3,54
2016-01-25 18:35:00+01:00,1605.3,1605.3,1605.2,1605.2,17
2016-01-25 18:36:00+01:00,1605.2,1605.2,1605.0,1605.1,102
2016-01-25 18:37:00+01:00,1605.1,1605.3,1605.1,1605.3,198
2016-01-25 18:38:00+01:00,1605.2,1605.2,1605.1,1605.2,108
2016-01-25 18:39:00+01:00,1605.2,1605.2,1605.0,1605.1,196
2016-01-25 18:40:00+01:00,1605.2,1605.3,1605.0,1605.1,269
2016-01-25 18:41:00+01:00,1605.1,1605.1,1604.5,1604.8,358
2016-01-25 18:42:00+01:00,1604.9,1604.9,1604.8,1604.9,86
2016-01-25 18:43:00+01:00,1604.9,1605.0,1604.9,1605.0,49
2016-01-25 18:44:00+01:00,1605.0,1605.1,1605.0,1605.0,146
2016-01-25 18:45:00+01:00,1604.9,1605.1,1604.9,1605.1,105
2016-01-25 18:46:00+01:00,1605.1,1605.2,1604.8,1604.9,275
2016-01-25 18:47:00+01:00,1604.9,1604.9,1604.6,1604.7,181
2016-01-25 18:48:00+01:00,1604.8,1604.8,1604.6,1604.7,135
2016-01-25 18:49:00+01:00,1604.7,1604.9,1604.7,1604.9,103
2016-01-25 18:50:00+01:00,1604.8,1604.9,1604.6,1604.7,151
2016-01-25 18:51:00+01:00,1604.8,1604.9,1604.7,1604.9,58
2016-01-25 18:52:00+01:00,1604.9,1605.0,1604.7,1604.7,111
2016-01-25 18:53:00+01:00,1604.7,1604.7,1604.4,1604.6,196
2016-01-25 18:54:00+01:00,1604.6,1604.9,1604.5,1604.8,84
2016-01-25 18:55:00+01:00,1604.7,1604.8,1604.6,1604.8,47
2016-01-25 18:56:00+01:00,1604.7,1604.8,1604.7,1604.8,44
2016-01-25 18:57:00+01:00,1604.9,1605.0,1604.7,1604.7,153
2016-01-25 18:58:00+01:00,1604.7,1605.0,1604.7,1604.9,73
2016-01-25 18:59:00+01:00,1605.0,1605.0,1604.7,1604.8,91
2016-01-25 19:00:00+01:00,1604.8,1604.9,1604.7,1604.9,86
2016-01-25 19:01:00+01:00,1604.9,1605.0,1604.7,1604.7,73
2016-01-25 19:02:00+01:00,1604.7,1604.8,1604.6,1604.7,141
2016-01-25 19:03:00+01:00,1604.7,1605.0,1604.7,1605.0,85
2016-01-25 19:04:00+01:00,1604.9,1605.1,1604.9,1604.9,207
2016-01-25 19:05:00+01:00,1604.9,1604.9,1604.6,1604.8,120
2016-01-25 19:06:00+01:00,1604.7,1604.8,1604.5,1604.6,285
2016-01-25 19:07:00+01:00,1604.6,1605.0,1604.6,1605.0,207
2016-01-25 19:08:00+01:00,1605.0,1605.0,1604.8,1604.8,118
2016-01-25 19:09:00+01:00,1604.8,1604.9,1604.8,1604.8,37
2016-01-25 19:10:00+01:00,1604.9,1604.9,1604.8,1604.8,30
2016-01-25 19:11:00+01:00,1604.8,1604.8,1604.6,1604.8,66
2016-01-25 19:12:00+01:00,1604.7,1604.8,1604.5,1604.6,113
2016-01-25 19:13:00+01:00,1604.6,1604.6,1604.4,1604.5,67
2016-01-25 19:14:00+01:00,1604.5,1604.7,1604.4,1604.6,141
2016-01-25 19:15:00+01:00,1604.6,1604.8,1604.5,1604.7,122
2016-01-25 19:16:00+01:00,1604.7,1604.7,1604.6,1604.7,114
2016-01-25 19:17:00+01:00,1604.7,1604.8,1604.6,1604.6,95
2016-01-25 19:18:00+01:00,1604.5,1604.6,1604.4,1604.6,123
2016-01-25 19:19:00+01:00,1604.5,1604.6,1604.4,1604.5,99
2016-01-25 19:20:00+01:00,1604.5,1604.5,1604.3,1604.4,52
2016-01-25 19:21:00+01:00,1604.4,1604.6,1604.3,1604.5,62
2016-01-25 19:22:00+01:00,1604.5,1604.7,1604.4,1604.6,54
2016-01-25 19:23:00+01:00,1604.6,1604.7,1604.6,1604.6,30
2016-01-25 19:24:00+01:00,1604.6,1604.8,1604.4,1604.4,170
2016-01-25 19:25:00+01:00,1604.4,1604.6,1604.4,1604.6,64
2016-01-25 19:26:00+01:00,1604.5,1604.7,1604.3,1604.3,205
2016-01-25 19:27:00+01:00,1604.3,1604.4,1604.0,1604.4,215
2016-01-25 19:28:00+01:00,1604.3,1604.3,1604.0,1604.3,102
2016-01-25 19:29:00+01:00,1604.3,1604.4,1604.0,1604.2,157
2016-01-25 19:30:00+01:00,1604.2,1604.3,1603.8,1603.9,567
2016-01-25 19:31:00+01:00,1603.8,1603.9,1603.0,1603.2,995
2016-01-25 19:32:00+01:00,1603.3,1603.3,1603.1,1603.2,74
2016-01-25 19:33:00+01:00,1603.2,1603.2,1603.0,1603.2,26
2016-01-25 19:34:00+01:00,1603.2,1603.5,1603.0,1603.4,254
2016-01-25 19:35:00+01:00,1603.4,1603.7,1603.4,1603.7,143
2016-01-25 19:36:00+01:00,1603.6,1603.7,1603.3,1603.5,225
2016-01-25 19:37:00+01:00,1603.5,1603.5,1603.5,1603.5,46
2016-01-25 19:38:00+01:00,1603.5,1603.6,1603.3,1603.4,39
2016-01-25 19:39:00+01:00,1603.4,1603.4,1603.3,1603.3,75
2016-01-25 19:40:00+01:00,1603.3,1603.4,1603.3,1603.4,177
2016-01-25 19:41:00+01:00,1603.4,1603.4,1603.3,1603.4,27
2016-01-25 19:42:00+01:00,1603.3,1603.4,1603.3,1603.3,45
2016-01-25 19:43:00+01:00,1603.4,1603.4,1603.4,1603.4,3
2016-01-25 19:44:00+01:00,1603.4,1603.5,1603.4,1603.5,48
2016-01-25 19:45:00+01:00,1603.5,1603.7,1603.5,1603.7,105
2016-01-25 19:46:00+01:00,1603.8,1604.2,1603.7,1604.2,234
2016-01-25 19:47:00+01:00,1604.2,1604.3,1604.2,1604.3,58
2016-01-25 19:48:00+01:00,1604.3,1604.4,1604.2,1604.3,52
2016-01-25 19:49:00+01:00,1604.3,1604.5,1604.3,1604.5,66
2016-01-25 19:50:00+01:00,1604.4,1604.9,1604.4,1604.9,169
2016-01-25 19:51:00+01:00,1604.8,1605.0,1604.4,1604.4,133
2016-01-25 19:52:00+01:00,1604.5,1604.5,1604.4,1604.5,84
2016-01-25 19:53:00+01:00,1604.5,1604.6,1604.5,1604.5,18
2016-01-25 19:54:00+01:00,1604.4,1604.4,1604.2,1604.3,54
2016-01-25 19:55:00+01:00,1604.2,1604.3,1604.2,1604.2,32
2016-01-25 19:56:00+01:00,1604.2,1604.2,1604.2,1604.2,3
2016-01-25 19:57:00+01:00,1604.2,1604.2,1604.1,1604.1,60
2016-01-25 19:58:00+01:00,1604.2,1604.4,1604.1,1604.3,24
2016-01-25 19:59:00+01:00,1604.3,1604.6,1604.3,1604.5,61
2016-01-25 20:00:00+01:00,1604.5,1604.5,1604.3,1604.3,31
2016-01-25 20:01:00+01:00,1604.5,1604.5,1604.3,1604.3,23
2016-01-25 20:02:00+01:00,1604.4,1604.4,1604.3,1604.3,38
2016-01-25 20:03:00+01:00,1604.4,1604.4,1604.4,1604.4,2
2016-01-25 20:04:00+01:00,1604.3,1604.4,1604.3,1604.4,21
2016-01-25 20:05:00+01:00,1604.5,1604.6,1604.4,1604.6,33
2016-01-25 20:06:00+01:00,1604.6,1604.6,1604.5,1604.5,23
2016-01-25 20:07:00+01:00,1604.4,1604.4,1604.2,1604.2,16
2016-01-25 20:08:00+01:00,1604.3,1604.5,1604.3,1604.4,36
2016-01-25 20:10:00+01:00,1604.4,1604.5,1604.4,1604.5,8
2016-01-25 20:11:00+01:00,1604.5,1604.7,1604.5,1604.6,23
2016-01-25 20:12:00+01:00,1604.6,1604.6,1604.5,1604.6,8
2016-01-25 20:13:00+01:00,1604.6,1604.7,1604.6,1604.6,17
2016-01-25 20:14:00+01:00,1604.6,1604.7,1604.6,1604.7,11
2016-01-25 20:15:00+01:00,1604.6,1604.6,1604.6,1604.6,4
2016-01-25 20:16:00+01:00,1604.6,1604.6,1604.4,1604.4,4
2016-01-25 20:17:00+01:00,1604.4,1604.5,1604.3,1604.3,8
2016-01-25 20:18:00+01:00,1604.4,1604.5,1604.4,1604.4,14
2016-01-25 20:19:00+01:00,1604.5,1604.5,1604.4,1604.5,9
2016-01-25 20:20:00+01:00,1604.4,1604.4,1604.4,1604.4,2
2016-01-25 20:21:00+01:00,1604.4,1604.4,1604.3,1604.4,3
2016-01-25 20:22:00+01:00,1604.4,1604.5,1604.4,1604.4,28
2016-01-25 20:23:00+01:00,1604.4,1604.4,1604.4,1604.4,1
2016-01-25 20:24:00+01:00,1604.3,1604.5,1604.3,1604.5,23
2016-01-25 20:25:00+01:00,1604.5,1604.5,1604.4,1604.4,10
2016-01-25 20:26:00+01:00,1604.5,1604.7,1604.5,1604.6,19
2016-01-25 20:27:00+01:00,1604.6,1604.6,1604.6,1604.6,12
2016-01-25 20:28:00+01:00,1604.5,1604.6,1604.5,1604.5,6
2016-01-25 20:29:00+01:00,1604.6,1604.7,1604.5,1604.6,17
2016-01-25 20:31:00+01:00,1604.6,1604.6,1604.4,1604.4,46
2016-01-25 20:32:00+01:00,1604.4,1604.4,1604.3,1604.3,19
2016-01-25 20:33:00+01:00,1604.2,1604.3,1604.2,1604.3,29
2016-01-25 20:34:00+01:00,1604.2,1604.3,1604.1,1604.3,19
2016-01-25 20:35:00+01:00,1604.3,1604.3,1604.2,1604.2,8
2016-01-25 20:36:00+01:00,1604.2,1604.2,1604.1,1604.1,31
2016-01-25 20:37:00+01:00,1604.0,1604.2,1604.0,1604.1,59
2016-01-25 20:38:00+01:00,1604.1,1604.1,1604.0,1604.1,6
2016-01-25 20:39:00+01:00,1604.1,1604.4,1604.1,1604.4,7
2016-01-25 20:40:00+01:00,1604.3,1604.4,1604.2,1604.4,10
2016-01-25 20:41:00+01:00,1604.4,1604.4,1604.3,1604.3,7
2016-01-25 20:42:00+01:00,1604.2,1604.2,1604.1,1604.1,10
2016-01-25 20:43:00+01:00,1604.1,1604.1,1604.0,1604.0,10
2016-01-25 20:44:00+01:00,1604.0,1604.1,1604.0,1604.0,4
2016-01-25 20:45:00+01:00,1604.0,1604.2,1604.0,1604.0,22
2016-01-25 20:46:00+01:00,1604.2,1604.2,1604.0,1604.0,8
2016-01-25 20:47:00+01:00,1604.1,1604.1,1604.0,1604.0,20
2016-01-25 20:48:00+01:00,1604.1,1604.1,1604.0,1604.0,6
2016-01-25 20:49:00+01:00,1604.1,1604.1,1603.6,1603.7,81
2016-01-25 20:50:00+01:00,1603.8,1603.8,1603.8,1603.8,23
2016-01-25 20:51:00+01:00,1603.8,1603.9,1603.8,1603.9,32
2016-01-25 20:52:00+01:00,1604.0,1604.1,1603.9,1604.1,27
2016-01-25 20:53:00+01:00,1604.1,1604.2,1604.1,1604.2,11
2016-01-25 20:54:00+01:00,1604.3,1604.3,1604.2,1604.3,57
2016-01-25 20:55:00+01:00,1604.3,1604.3,1604.1,1604.1,22
2016-01-25 20:56:00+01:00,1604.1,1604.1,1604.0,1604.1,12
2016-01-25 20:57:00+01:00,1604.1,1604.1,1604.1,1604.1,9
2016-01-25 20:58:00+01:00,1604.1,1604.3,1604.1,1604.3,35
2016-01-25 20:59:00+01:00,1604.2,1604.4,1604.1,1604.3,35
2016-01-25 21:00:00+01:00,1604.4,1604.5,1604.3,1604.4,21
2016-01-25 21:01:00+01:00,1604.3,1604.5,1604.3,1604.3,58
2016-01-25 21:02:00+01:00,1604.4,1604.4,1604.3,1604.3,6
2016-01-25 21:03:00+01:00,1604.2,1604.4,1604.2,1604.2,7
2016-01-25 21:04:00+01:00,1604.4,1604.4,1604.2,1604.3,24
2016-01-25 21:05:00+01:00,1604.2,1604.5,1604.2,1604.5,37
2016-01-25 21:06:00+01:00,1604.4,1604.6,1604.4,1604.5,44
2016-01-25 21:07:00+01:00,1604.6,1604.6,1604.4,1604.4,43
2016-01-25 21:08:00+01:00,1604.4,1604.4,1604.4,1604.4,21
2016-01-25 21:09:00+01:00,1604.4,1604.4,1604.3,1604.3,54
2016-01-25 21:10:00+01:00,1604.4,1604.5,1604.4,1604.4,54
2016-01-25 21:11:00+01:00,1604.4,1604.5,1604.4,1604.5,38
2016-01-25 21:12:00+01:00,1604.6,1604.7,1604.6,1604.7,42
2016-01-25 21:13:00+01:00,1604.6,1604.7,1604.6,1604.7,50
2016-01-25 21:14:00+01:00,1604.7,1605.0,1604.7,1605.0,77
2016-01-25 21:15:00+01:00,1605.0,1605.1,1605.0,1605.1,79
2016-01-25 21:16:00+01:00,1605.1,1605.3,1605.1,1605.3,66
2016-01-25 21:17:00+01:00,1605.3,1605.3,1605.1,1605.1,59
2016-01-25 21:18:00+01:00,1605.2,1605.2,1605.0,1605.0,15
2016-01-25 21:19:00+01:00,1604.9,1605.5,1604.8,1605.2,266
2016-01-25 21:20:00+01:00,1605.2,1605.2,1605.2,1605.2,7
2016-01-25 21:21:00+01:00,1605.2,1605.2,1605.2,1605.2,34
2016-01-25 21:22:00+01:00,1605.2,1605.5,1605.2,1605.5,78
2016-01-25 21:23:00+01:00,1605.5,1605.5,1605.4,1605.4,3
2016-01-25 21:24:00+01:00,1605.5,1605.6,1605.3,1605.4,42
2016-01-25 21:25:00+01:00,1605.4,1605.5,1605.4,1605.5,16
2016-01-25 21:26:00+01:00,1605.5,1605.6,1605.4,1605.6,34
2016-01-25 21:27:00+01:00,1605.5,1605.5,1605.4,1605.5,26
2016-01-25 21:28:00+01:00,1605.5,1605.5,1605.4,1605.5,13
2016-01-25 21:29:00+01:00,1605.5,1605.5,1605.4,1605.4,5
2016-01-25 21:30:00+01:00,1605.5,1605.6,1605.5,1605.6,45
2016-01-25 21:31:00+01:00,1605.6,1605.7,1605.6,1605.7,75
2016-01-25 21:32:00+01:00,1605.7,1605.7,1605.6,1605.6,15
2016-01-25 21:33:00+01:00,1605.5,1605.6,1605.5,1605.5,26
2016-01-25 21:34:00+01:00,1605.5,1605.5,1605.4,1605.5,9
2016-01-25 21:35:00+01:00,1605.6,1605.8,1605.6,1605.7,27
2016-01-25 21:36:00+01:00,1605.7,1606.0,1605.7,1606.0,93
2016-01-25 21:37:00+01:00,1606.0,1606.0,1605.8,1606.0,60
2016-01-25 21:38:00+01:00,1605.9,1606.1,1605.9,1606.0,25
2016-01-25 21:39:00+01:00,1605.9,1606.2,1605.9,1606.1,128
2016-01-25 21:40:00+01:00,1606.2,1607.0,1606.2,1606.8,502
2016-01-25 21:41:00+01:00,1606.8,1606.8,1606.1,1606.1,182
2016-01-25 21:42:00+01:00,1606.1,1606.3,1605.8,1606.3,192
2016-01-25 21:43:00+01:00,1606.2,1606.5,1606.0,1606.3,74
2016-01-25 21:44:00+01:00,1606.3,1606.5,1606.3,1606.3,58
2016-01-25 21:45:00+01:00,1606.3,1606.4,1606.1,1606.4,61
2016-01-25 21:46:00+01:00,1606.4,1606.4,1606.3,1606.3,2
2016-01-25 21:47:00+01:00,1606.4,1606.4,1606.2,1606.2,60
2016-01-25 21:48:00+01:00,1606.2,1606.6,1606.2,1606.4,65
2016-01-25 21:49:00+01:00,1606.4,1606.5,1606.4,1606.5,16
2016-01-25 21:50:00+01:00,1606.5,1607.1,1606.5,1607.1,318
2016-01-25 21:51:00+01:00,1607.1,1607.3,1607.1,1607.2,100
2016-01-25 21:52:00+01:00,1607.2,1607.3,1607.1,1607.3,73
2016-01-25 21:53:00+01:00,1607.3,1607.3,1607.0,1607.2,77
2016-01-25 21:54:00+01:00,1607.1,1607.1,1606.9,1606.9,51
2016-01-25 21:55:00+01:00,1607.0,1607.0,1606.9,1606.9,8
2016-01-25 21:56:00+01:00,1606.9,1607.1,1606.8,1607.1,125
2016-01-25 21:57:00+01:00,1607.1,1607.2,1607.1,1607.1,122
2016-01-25 21:58:00+01:00,1607.1,1607.2,1607.0,1607.1,82
2016-01-25 21:59:00+01:00,1607.1,1607.6,1607.1,1607.6,259
2016-01-25 22:00:00+01:00,1607.6,1607.7,1607.4,1607.5,597
2016-01-25 22:01:00+01:00,1607.6,1607.6,1607.1,1607.1,216
2016-01-25 22:02:00+01:00,1607.1,1607.4,1607.1,1607.3,23
2016-01-25 22:03:00+01:00,1607.3,1607.4,1607.3,1607.4,42
2016-01-25 22:04:00+01:00,1607.4,1607.5,1607.2,1607.4,50
2016-01-25 22:05:00+01:00,1607.5,1607.5,1607.3,1607.4,37
2016-01-25 22:06:00+01:00,1607.4,1607.4,1607.3,1607.4,24
2016-01-25 22:07:00+01:00,1607.4,1607.4,1607.4,1607.4,2
2016-01-25 22:08:00+01:00,1607.4,1607.4,1607.3,1607.4,21
2016-01-25 22:09:00+01:00,1607.4,1607.5,1607.4,1607.5,15
2016-01-25 22:10:00+01:00,1607.5,1607.5,1607.4,1607.5,3
2016-01-25 22:11:00+01:00,1607.5,1607.6,1607.5,1607.5,35
2016-01-25 22:12:00+01:00,1607.5,1607.5,1607.5,1607.5,5
2016-01-25 22:13:00+01:00,1607.5,1607.5,1607.5,1607.5,14
2016-01-25 22:14:00+01:00,1607.5,1607.5,1607.4,1607.5,5
2016-01-25 22:15:00+01:00,1607.5,1607.6,1607.5,1607.5,14
2016-01-25 22:16:00+01:00,1607.6,1607.7,1607.5,1607.5,58
2016-01-25 22:17:00+01:00,1607.6,1607.6,1607.6,1607.6,15
2016-01-25 22:18:00+01:00,1607.6,1607.6,1607.5,1607.6,14
2016-01-25 22:19:00+01:00,1607.7,1607.8,1607.7,1607.8,60
2016-01-25 22:20:00+01:00,1607.8,1607.8,1607.7,1607.7,8
2016-01-25 22:21:00+01:00,1607.7,1607.8,1607.6,1607.7,56
2016-01-25 22:22:00+01:00,1607.7,1607.8,1607.7,1607.8,23
2016-01-25 22:23:00+01:00,1607.8,1607.8,1607.6,1607.8,150
2016-01-25 22:24:00+01:00,1607.9,1607.9,1607.8,1607.8,35
2016-01-25 22:25:00+01:00,1607.8,1607.8,1607.7,1607.8,14
2016-01-25 22:26:00+01:00,1607.7,1607.7,1607.7,1607.7,42
2016-01-25 22:27:00+01:00,1607.6,1607.6,1607.2,1607.3,70
2016-01-25 22:28:00+01:00,1607.2,1607.2,1607.1,1607.1,12
2016-01-25 22:29:00+01:00,1607.1,1607.1,1607.0,1607.0,15
2016-01-25 22:30:00+01:00,1607.1,1607.3,1607.1,1607.3,46
2016-01-25 22:31:00+01:00,1607.2,1607.2,1607.1,1607.1,35
2016-01-25 22:32:00+01:00,1607.1,1607.2,1607.1,1607.2,7
2016-01-25 22:33:00+01:00,1607.2,1607.2,1607.1,1607.1,10
2016-01-25 22:34:00+01:00,1607.1,1607.1,1607.0,1607.1,16
2016-01-25 22:35:00+01:00,1607.0,1607.0,1606.8,1606.8,34
2016-01-25 22:36:00+01:00,1606.8,1606.8,1606.7,1606.7,33
2016-01-25 22:37:00+01:00,1606.7,1606.7,1606.6,1606.6,16
2016-01-25 22:38:00+01:00,1606.6,1606.6,1606.6,1606.6,4
2016-01-25 22:39:00+01:00,1606.7,1606.7,1606.6,1606.6,11
2016-01-25 22:40:00+01:00,1606.6,1606.7,1606.6,1606.7,16
2016-01-25 22:41:00+01:00,1606.8,1606.8,1606.7,1606.7,3
2016-01-25 22:42:00+01:00,1606.8,1606.8,1606.7,1606.7,18
2016-01-25 22:43:00+01:00,1606.9,1606.9,1606.9,1606.9,14
2016-01-25 22:44:00+01:00,1607.0,1607.2,1607.0,1607.2,31
2016-01-25 22:45:00+01:00,1607.1,1607.1,1606.9,1607.0,25
2016-01-25 22:46:00+01:00,1606.9,1606.9,1606.7,1606.7,44
2016-01-25 22:47:00+01:00,1606.8,1606.9,1606.8,1606.8,11
2016-01-25 22:48:00+01:00,1606.9,1606.9,1606.7,1606.7,9
2016-01-25 22:49:00+01:00,1606.6,1606.7,1606.6,1606.7,13
2016-01-25 22:50:00+01:00,1606.6,1606.8,1606.6,1606.8,7
2016-01-25 22:51:00+01:00,1606.7,1606.8,1606.6,1606.7,21
2016-01-25 22:52:00+01:00,1606.7,1606.8,1606.6,1606.8,7
2016-01-25 22:53:00+01:00,1606.7,1606.7,1606.5,1606.6,14
2016-01-25 22:54:00+01:00,1606.6,1606.6,1606.5,1606.6,7
2016-01-25 22:55:00+01:00,1606.6,1606.6,1606.5,1606.6,38
2016-01-25 22:56:00+01:00,1606.6,1606.8,1606.6,1606.8,32
2016-01-25 22:57:00+01:00,1606.7,1606.8,1606.7,1606.8,7
2016-01-25 22:58:00+01:00,1606.7,1606.8,1606.6,1606.7,11
2016-01-25 22:59:00+01:00,1606.7,1606.8,1606.6,1606.8,17
2016-01-25 23:00:00+01:00,1606.8,1606.8,1606.7,1606.8,13
